ID;LASD1;LADP1;LADP2;LASD2;LADP3;LASR1;LADP4;LASR2;LADP5;LASR3;LASD3;LASR4;LASD4;LASD5;LASD6;LADP6;LASR5;LASD7;LASR6;LASD8;LADP7;LADP8;LASD9;LASR7;LASR8;LASR9;LASD10;LADP9;LADP10;LASR10;WC1;WC2;WC3;WC4;WC5;WC6;WC7;LSLF1;LSIC1;LSIM1;LSIIB1;LSLF2;LSMBA1;LSIIA1;LSCR1;LSIIA2;LSIM2;LSIS1;LSCR2;LSMBA2;LSMBA3;LSIC2;LSLF3;LSIIA3;LSIIB2;LSIS2;LSMBA4;LSMBP1;LSIM3;LSIIA4;LSIS3;LSIIB3;LSIC3;LSIS4;LSIC4;LSCR3;LSMBP2;LSMBP3;LSCR4;LSIIB4;LSIM4;LSLF4;LSMBP4;LOPCD1;LOPCD2;LOSJP1;LOSJP2;LOPCD3;LOSJP3;LOSJP4;LOSJP5;LOCS1;LOCS2;LOCS3;LOCS4;LOOJP1;LOOJP2;LOOJP3;LOOJP4;DSEX;DAGE;DEDL;DEDP;DEXT;DEXP;DHIE;DFOR;DCON;DPRE;DBAN
1;2;4;4;3;3;4;2;3;4;5;4;3;2;3;3;4;3;3;2;3;2;4;2;3;4;3;3;2;2;3;4;4;3;4;3;2;3;5;4;5;3;3;2;4;3;4;5;4;5;3;3;4;4;4;3;3;3;3;4;4;3;4;5;3;4;3;3;4;4;4;3;3;2;4;4;4;5;5;3;4;4;4;4;3;4;8;7;9;9;1;3;4;4;3;2;2;1;2;3;1
2;1;1;1;1;3;5;1;1;5;2;3;1;1;5;5;3;5;1;2;2;2;5;1;3;3;2;5;4;4;1;2;2;5;4;2;4;2;5;2;2;2;5;2;5;3;4;5;2;5;1;1;2;2;1;5;4;3;3;2;3;2;4;1;1;2;4;1;3;3;3;2;5;1;4;3;5;5;5;5;4;4;3;4;4;3;8;8;7;9;1;4;4;5;4;2;3;1;2;2;1
3;1;4;4;3;4;4;3;3;5;2;3;3;1;3;3;3;5;1;1;1;3;3;1;4;4;3;3;5;5;5;3;4;4;4;4;4;4;5;2;4;4;5;3;2;5;2;5;4;5;3;3;3;5;2;5;3;3;1;4;2;3;4;3;4;2;5;1;1;5;5;5;5;1;5;4;5;5;5;5;4;5;3;4;4;5;7;7;7;7;2;6;3;5;5;5;2;1;2;2;1
4;3;4;4;3;4;4;3;4;4;4;2;2;2;3;3;2;4;2;4;2;3;4;1;3;4;3;3;2;4;2;2;4;4;4;4;3;3;5;5;5;5;5;3;4;4;5;5;5;4;2;4;4;5;4;5;4;4;1;4;4;4;4;4;4;4;5;2;2;4;5;5;5;1;5;4;5;5;5;5;5;5;4;3;4;5;5;6;8;6;1;6;3;5;5;4;2;1;2;3;1
5;2;4;3;2;4;4;2;3;3;3;3;3;2;5;2;2;4;1;2;2;4;4;2;3;3;3;2;4;5;3;4;3;3;3;3;3;3;5;3;4;5;4;3;4;5;4;4;4;3;3;4;5;4;4;4;5;4;2;4;4;3;4;5;3;5;5;3;3;5;4;4;4;3;5;5;4;5;5;4;4;4;4;4;3;5;8;5;7;8;2;4;4;5;4;5;2;1;2;3;1
6;3;4;5;3;4;5;2;3;4;4;4;3;2;3;3;4;4;3;1;3;2;3;1;4;5;2;3;3;3;4;4;4;4;3;3;3;4;4;3;5;3;3;4;3;4;4;4;3;2;5;5;4;3;4;4;3;3;3;4;4;3;3;5;4;4;4;3;2;4;4;4;4;2;4;5;4;5;5;5;4;5;2;4;4;4;9;8;9;9;1;3;4;4;3;3;2;1;2;3;1
7;2;3;4;2;4;5;1;4;3;5;3;3;1;4;3;4;4;4;2;2;3;3;2;3;4;4;2;3;3;3;2;2;3;2;2;3;5;4;1;4;3;3;4;3;5;4;4;3;3;4;3;3;2;3;4;3;3;1;3;3;4;4;5;3;3;5;1;3;4;5;5;3;3;4;4;4;4;4;3;5;5;4;5;3;4;8;9;8;9;1;4;2;5;5;4;3;2;2;3;4
8;2;5;4;1;5;5;2;5;5;5;4;2;1;4;2;2;4;2;1;1;2;5;1;3;3;2;2;4;4;2;4;4;5;2;4;5;4;4;4;4;3;4;3;4;4;4;5;5;4;2;2;5;4;4;5;4;2;3;5;4;4;5;5;4;4;4;1;1;3;5;5;4;2;5;5;3;5;5;5;5;5;5;4;5;2;6;9;9;6;1;2;5;1;3;4;3;1;2;2;1
9;3;4;4;2;4;5;2;4;4;5;5;2;2;4;3;1;4;1;2;3;4;5;1;3;2;2;3;3;3;1;3;4;4;4;4;2;4;5;4;5;3;3;4;5;4;4;4;5;3;3;2;4;4;3;5;5;5;2;4;4;3;2;4;4;4;5;1;1;3;4;3;5;1;4;4;4;4;4;3;5;4;3;4;3;4;5;6;6;5;2;4;4;5;5;2;2;1;2;3;1
10;4;5;5;3;4;4;1;3;3;2;3;1;2;5;3;3;4;1;3;1;3;4;1;3;3;2;3;3;2;3;3;2;3;2;2;3;1;4;3;3;3;3;3;4;4;3;4;5;3;3;2;3;3;2;2;5;5;1;5;3;5;3;4;4;3;4;1;1;4;3;3;3;2;5;4;5;4;4;4;4;4;4;4;3;1;8;8;8;8;2;3;4;4;4;5;2;1;2;3;1
11;2;3;3;2;2;4;2;4;4;4;3;3;2;4;2;2;4;2;3;3;3;3;1;2;4;3;3;2;4;4;4;2;4;3;3;4;4;4;3;4;4;4;2;3;4;4;4;4;2;4;4;3;3;3;4;3;3;1;3;3;3;4;4;4;4;3;1;1;4;4;3;4;1;4;4;3;4;4;3;4;4;3;2;4;3;5;6;7;5;2;4;2;5;5;6;2;1;2;3;1
12;3;4;4;3;3;5;1;5;4;4;3;2;1;3;2;2;4;1;1;1;3;4;1;4;5;2;2;4;4;4;2;3;3;2;3;2;2;2;2;3;3;2;2;3;3;2;4;4;4;3;2;4;2;4;3;2;1;2;3;3;2;4;5;3;4;5;2;2;5;5;4;3;3;4;5;4;5;5;4;5;5;2;3;2;4;7;7;7;5;1;6;4;5;5;6;2;1;2;3;1
13;3;4;4;2;3;4;3;4;4;5;4;4;2;4;1;1;5;4;3;2;3;3;2;4;4;4;4;2;4;4;4;4;3;3;3;3;3;5;4;4;4;4;3;4;4;4;5;5;5;2;4;3;4;4;4;4;3;1;5;4;4;4;5;4;4;4;2;1;5;5;5;4;1;4;4;4;4;4;4;5;5;4;4;4;4;6;6;7;7;2;5;3;5;5;6;2;1;2;3;1
14;3;5;4;3;5;4;2;4;3;2;3;1;1;5;2;4;5;2;2;2;5;4;1;3;5;2;3;4;4;3;4;3;4;3;3;2;3;5;4;4;2;4;2;3;2;3;3;2;3;2;5;2;3;3;3;2;5;1;3;2;3;4;2;2;2;2;3;1;3;4;3;4;2;4;2;5;3;5;4;4;4;4;4;4;2;4;4;4;6;1;1;4;3;2;1;2;1;2;3;1
15;2;4;5;3;5;4;3;4;4;3;2;2;1;5;3;2;4;2;2;2;3;4;2;3;5;2;2;4;3;2;4;4;4;4;3;5;4;3;3;4;4;5;4;3;4;3;5;5;4;3;3;4;4;3;5;4;3;2;4;3;4;5;3;4;3;5;1;1;4;5;5;3;1;4;5;4;4;5;4;5;4;3;4;4;4;9;9;9;9;1;5;3;5;5;2;2;1;2;3;1
16;2;4;5;1;4;4;3;4;5;5;4;2;3;5;3;2;5;1;3;1;3;4;1;5;5;2;1;3;5;4;4;3;4;3;2;3;4;5;5;4;4;3;2;5;4;5;5;4;4;3;3;4;4;5;5;5;4;1;5;5;5;5;5;5;5;4;4;2;5;5;5;5;1;4;4;5;5;4;4;3;4;5;3;3;3;7;7;7;8;1;5;5;5;5;1;3;2;1;2;3
17;4;5;4;2;5;4;2;5;4;3;3;2;4;3;3;2;4;1;3;1;3;5;1;2;3;1;2;2;3;2;3;4;4;3;4;3;3;2;4;5;5;4;3;5;5;4;5;4;3;3;2;5;2;3;3;4;3;1;2;4;3;3;5;2;5;5;3;1;4;5;3;5;1;5;5;5;5;5;4;4;4;4;4;4;5;9;7;8;8;2;4;4;5;5;6;2;1;2;3;1
18;3;5;4;1;4;5;3;4;5;5;3;2;2;4;2;2;5;1;2;3;3;4;1;4;4;2;3;3;4;5;4;5;5;3;3;3;4;5;3;4;4;4;3;4;4;5;5;5;2;3;3;4;4;2;2;4;4;1;3;3;2;3;3;4;4;4;2;1;4;5;5;2;4;4;4;3;4;4;5;5;5;4;3;4;3;6;5;8;8;1;3;2;4;5;2;2;1;2;3;1
19;3;4;3;3;4;5;2;4;5;3;4;2;2;5;3;2;5;1;3;3;4;4;3;3;3;3;3;5;4;3;4;3;4;3;3;3;4;4;3;3;5;4;3;4;5;4;4;4;3;2;4;4;3;4;4;4;4;2;3;4;3;4;5;3;5;5;3;2;5;5;4;4;2;5;5;5;5;5;4;5;5;4;3;5;5;7;5;7;8;1;4;4;5;4;5;2;1;2;3;1
20;3;5;5;2;4;3;2;4;3;5;2;2;2;3;1;1;5;1;2;2;4;3;1;3;1;2;2;2;4;3;4;4;5;4;4;3;3;1;4;5;5;5;5;5;4;5;4;5;4;4;5;5;5;5;5;4;4;3;4;5;5;5;5;4;4;5;3;2;5;4;4;4;1;4;4;4;4;4;4;4;4;4;4;4;4;8;8;8;8;2;3;4;4;4;1;2;1;2;3;1
21;4;2;4;1;2;4;1;4;3;5;4;2;3;4;2;4;4;1;3;2;1;1;2;2;2;3;3;2;2;1;2;3;2;2;2;3;3;4;3;3;3;2;3;2;2;2;3;3;2;4;3;1;1;1;1;1;2;3;3;2;2;2;2;2;2;4;2;3;4;4;3;3;4;3;3;3;4;3;3;1;3;4;2;2;3;5;7;8;8;2;6;1;5;5;6;1;2;2;3;1
22;1;5;5;2;4;5;1;5;4;5;1;4;1;4;2;5;5;3;3;1;1;4;1;4;4;1;2;4;5;5;2;2;2;3;3;3;4;2;3;3;3;4;4;5;3;4;4;5;5;4;4;4;5;4;4;3;3;3;3;5;4;4;5;4;5;5;3;1;4;4;2;4;2;5;5;5;5;5;5;5;5;5;5;5;5;9;9;9;9;2;6;3;5;5;2;1;2;2;3;1
23;2;4;5;2;3;4;4;4;4;5;4;2;2;3;1;2;5;2;4;4;3;3;1;4;5;3;2;4;5;5;4;5;4;3;5;4;5;2;5;4;4;5;3;5;4;5;5;4;5;2;3;5;5;4;5;3;2;3;4;5;4;3;4;4;5;4;3;5;4;5;4;5;2;5;4;5;4;5;3;4;5;4;1;1;3;5;6;6;5;2;5;2;5;5;3;3;1;2;2;1
24;1;4;4;1;4;5;1;4;4;3;4;1;3;4;2;4;5;3;2;3;4;5;1;2;4;3;1;5;4;4;3;4;4;3;2;3;4;4;1;2;2;1;1;2;2;1;3;2;1;2;1;2;1;3;2;2;2;4;1;2;1;3;3;2;2;1;3;3;4;3;1;1;5;5;4;4;4;4;5;5;4;3;4;4;4;8;9;9;9;1;6;2;5;5;2;2;1;2;2;1
25;2;5;4;2;5;5;1;3;3;5;4;3;2;3;3;3;4;1;3;2;3;4;2;3;4;3;2;3;3;4;3;4;4;3;4;3;4;1;3;4;3;5;4;3;5;4;5;5;4;4;4;5;4;4;5;4;5;2;3;5;5;4;5;5;5;4;4;1;5;4;4;4;2;5;5;4;5;5;4;4;5;3;3;4;4;9;8;9;9;1;3;2;5;5;6;2;1;2;3;1
26;1;5;5;1;5;3;1;3;4;3;1;1;1;3;1;3;5;1;1;1;5;5;1;1;5;1;1;5;3;3;1;1;2;2;1;2;1;5;1;1;1;5;1;4;1;5;5;3;5;1;2;3;5;3;3;4;2;1;1;1;5;5;5;3;4;3;1;1;5;3;1;1;1;4;4;5;5;5;5;5;4;4;5;3;3;9;9;8;9;1;3;5;3;3;4;3;2;2;1;4
27;4;5;5;3;4;5;1;3;3;4;3;2;2;4;3;2;4;2;3;3;4;4;1;4;3;3;3;2;4;3;3;5;4;5;3;3;4;3;2;4;4;3;2;4;3;4;4;4;3;2;2;4;4;3;4;4;4;3;4;3;3;4;4;3;4;5;1;2;3;3;4;4;2;4;4;4;4;4;5;4;5;3;4;3;5;7;7;8;8;2;5;3;5;5;6;2;1;2;3;1
28;2;4;5;1;4;5;2;5;5;4;4;3;2;5;3;2;4;1;4;3;5;4;1;2;5;3;4;3;4;5;1;2;2;3;4;4;3;4;3;3;3;4;5;5;4;3;3;4;3;2;4;4;3;5;4;4;5;4;4;3;3;4;4;3;4;5;4;2;4;4;3;4;2;3;4;4;5;5;5;4;5;4;3;4;5;8;9;9;8;1;4;3;5;5;6;3;1;2;3;1
29;2;5;4;3;3;5;2;4;4;3;3;3;4;4;2;3;4;2;2;1;4;3;1;2;4;2;3;5;4;4;4;3;4;5;4;4;4;5;4;5;4;4;2;5;4;5;4;5;4;2;3;5;4;5;4;5;4;2;5;5;5;4;4;5;4;4;1;1;3;4;4;2;1;4;4;5;4;4;4;4;4;4;3;4;4;5;6;6;7;1;6;3;5;5;4;2;2;2;3;4
30;3;5;5;2;3;4;2;5;3;4;2;3;2;3;3;2;3;1;1;1;3;3;1;3;5;2;3;2;4;4;2;3;4;1;2;3;4;4;3;3;3;2;2;4;4;4;4;4;2;2;2;3;3;3;4;4;2;2;4;4;3;4;4;3;4;3;3;2;3;3;4;4;2;5;5;5;5;5;5;5;5;4;4;3;3;8;8;8;9;1;1;5;2;2;2;2;1;2;3;4
31;3;5;4;3;3;5;2;3;5;4;3;2;2;3;2;3;3;1;2;3;3;3;2;2;3;2;2;3;3;3;2;3;3;3;3;4;3;4;3;4;3;4;4;3;2;3;4;4;3;3;3;4;2;3;3;4;3;1;3;3;3;3;3;2;4;3;1;1;5;4;3;4;2;4;5;5;5;4;4;4;5;3;3;4;4;6;6;9;8;2;3;4;4;4;5;1;1;2;3;5
32;2;2;1;2;3;1;5;2;2;1;3;4;1;2;2;3;1;4;3;3;5;2;5;3;2;4;4;3;2;3;5;2;3;3;2;3;3;2;2;2;3;1;2;2;1;2;1;2;1;3;2;2;1;2;1;2;2;5;2;2;1;2;1;2;1;1;3;5;2;2;2;1;3;2;2;1;2;1;2;1;1;3;3;4;5;9;9;9;9;1;6;3;5;5;5;3;1;2;3;5
33;1;5;5;1;3;4;3;3;4;4;4;2;1;5;2;2;5;2;3;2;3;4;1;2;3;1;2;4;5;2;4;5;4;3;4;4;3;4;3;3;2;4;3;3;4;3;4;5;4;3;3;4;4;2;3;5;4;1;3;3;4;3;4;4;3;4;1;1;3;4;4;4;1;5;5;5;5;4;5;4;5;4;3;3;4;8;8;8;8;1;4;5;3;3;1;4;1;2;3;5
34;2;5;4;2;3;5;3;4;5;4;4;3;1;5;2;2;4;4;2;2;2;4;1;2;3;4;2;4;5;4;4;4;4;3;3;4;4;4;3;4;4;3;3;4;4;4;4;5;4;3;3;4;3;4;3;4;4;2;4;4;4;3;4;4;4;4;3;1;5;5;5;5;2;5;5;5;5;5;5;5;4;3;4;3;4;7;8;9;9;1;6;2;5;5;4;4;1;2;3;5
35;1;5;5;2;4;3;3;4;5;4;4;2;1;1;2;1;4;1;3;1;2;4;1;3;4;1;2;4;4;5;3;3;3;3;2;3;3;5;4;4;5;5;2;4;5;4;5;4;3;2;4;4;4;5;4;3;3;1;3;5;3;4;5;3;4;5;1;1;5;4;4;5;1;4;5;4;5;5;5;5;5;4;3;4;3;8;9;8;9;2;3;5;1;4;5;3;1;2;3;5
36;2;5;4;3;5;5;2;4;4;4;3;2;2;4;2;2;3;1;3;1;3;3;2;2;3;2;2;2;4;3;2;3;2;2;3;4;3;4;2;3;3;4;4;4;4;4;4;3;3;5;4;4;4;4;4;4;4;3;3;4;4;4;5;4;4;4;2;1;4;4;4;4;1;4;5;3;5;4;5;5;5;3;4;3;3;9;9;9;9;1;3;4;4;3;4;2;1;2;3;5
37;3;4;3;3;3;4;2;3;4;4;4;1;2;4;3;3;3;2;2;3;3;4;3;2;4;3;3;4;4;3;1;2;3;2;2;2;3;3;2;5;3;3;3;3;4;2;5;4;2;3;3;2;3;3;4;3;2;1;2;3;1;2;4;2;3;3;2;3;4;4;4;3;3;3;5;4;5;5;4;4;5;4;3;4;3;7;8;6;6;1;4;5;1;5;2;3;1;2;3;5
38;2;4;4;1;3;5;1;4;5;5;3;2;3;4;2;3;4;1;3;2;3;3;1;3;4;4;2;2;4;4;3;2;3;2;3;3;2;4;3;4;2;4;4;3;4;3;5;3;4;3;3;2;5;4;4;3;3;1;3;3;2;2;3;4;3;4;2;1;5;4;3;4;1;4;4;4;5;5;4;4;5;3;4;4;4;7;8;8;7;1;6;4;5;5;6;2;2;2;2;5
39;3;3;4;2;2;4;2;4;5;5;5;2;3;5;2;2;5;1;4;2;3;5;3;2;5;3;2;2;4;4;2;4;3;2;3;3;2;4;1;4;3;3;4;2;2;3;5;3;2;3;4;1;1;3;3;3;3;2;3;1;1;3;3;3;1;2;1;3;5;3;5;3;4;4;4;4;5;5;5;5;5;3;3;5;2;8;9;9;9;1;6;2;5;5;5;3;1;2;3;5
40;4;4;4;2;4;4;3;3;3;4;2;1;1;3;1;1;3;1;1;1;4;4;2;3;4;1;2;3;3;2;4;4;4;4;4;4;4;4;4;5;4;4;3;4;4;4;4;4;4;2;3;4;4;4;4;4;4;1;4;4;4;4;5;4;4;4;1;1;4;4;4;4;1;5;5;5;5;5;5;5;5;4;3;4;4;9;9;9;9;2;3;4;4;4;6;3;1;2;3;1
41;1;5;5;1;5;5;3;3;4;3;3;2;1;5;2;1;4;4;2;1;3;5;1;2;3;1;1;3;3;1;4;4;4;4;4;5;5;5;4;5;5;5;3;5;5;5;5;5;5;3;5;3;4;3;4;4;4;3;4;4;4;3;4;4;4;4;2;2;3;4;4;5;1;5;4;4;5;5;4;4;4;3;3;4;4;6;6;5;6;2;4;4;5;5;3;2;1;2;2;4
42;3;2;3;2;5;2;2;5;4;4;2;3;1;5;2;3;4;2;3;1;5;5;2;2;4;2;4;3;4;4;3;4;3;3;2;3;3;1;2;3;1;2;2;3;3;2;3;2;2;2;2;3;1;2;3;2;3;2;3;2;2;3;4;4;4;3;3;3;3;3;3;2;2;4;5;4;5;4;5;5;4;5;5;4;4;8;9;8;9;1;4;4;5;5;4;4;1;2;3;5
43;2;3;4;2;4;2;1;2;2;3;2;2;2;1;2;2;2;4;3;3;1;4;2;4;4;3;4;2;2;2;1;3;2;2;2;2;3;5;3;3;3;4;4;4;3;3;3;4;3;2;3;4;4;4;3;3;4;2;3;3;3;3;4;3;4;3;1;1;3;3;3;3;1;2;4;3;4;2;3;4;4;3;1;2;1;6;6;5;5;1;5;3;5;5;6;2;1;2;3;1
44;3;4;4;2;4;5;2;4;4;3;3;3;2;4;3;2;4;1;3;4;4;3;3;3;4;4;3;3;4;4;2;4;4;4;3;3;4;3;4;4;4;4;3;4;4;4;4;4;4;3;3;3;4;4;4;4;4;2;3;3;4;4;4;4;3;4;1;1;4;4;4;3;2;4;4;4;4;4;3;4;4;4;3;4;5;5;5;5;5;2;3;4;4;4;6;2;1;2;3;1
45;2;3;4;3;2;5;3;4;5;2;5;4;2;4;3;2;5;2;3;3;4;4;2;4;5;3;1;4;4;2;4;3;4;2;5;4;3;4;3;5;4;4;2;4;4;4;4;2;3;3;4;4;4;2;4;4;5;2;2;3;4;2;4;3;4;5;3;2;4;5;3;4;3;4;4;5;4;3;3;4;5;4;3;4;2;8;9;8;8;1;6;2;5;5;4;2;1;2;3;1
46;3;4;3;2;2;5;1;4;4;3;3;2;2;4;3;3;4;2;2;3;1;5;2;3;4;3;2;2;4;4;4;3;3;2;3;3;4;2;3;4;4;4;3;4;4;4;5;4;5;2;2;3;4;4;4;5;3;2;3;5;4;5;5;3;5;5;2;1;5;5;3;4;1;3;5;5;5;3;5;5;5;5;4;4;5;8;9;9;9;1;6;2;5;5;3;2;2;2;3;1
47;3;5;4;2;4;5;3;4;4;4;5;4;2;5;3;3;5;2;4;3;5;5;3;4;5;4;4;4;4;5;2;4;4;4;4;4;4;4;4;4;4;4;4;4;5;4;4;4;4;4;4;4;4;4;5;5;5;4;4;4;4;4;4;4;5;4;4;2;5;5;4;4;2;4;4;4;4;4;4;5;5;4;2;4;4;6;8;8;8;1;4;2;5;5;6;2;1;2;3;1
48;2;4;4;2;3;5;2;4;4;5;4;2;2;4;2;3;4;2;4;5;3;4;3;4;4;4;3;2;4;4;4;4;2;4;3;3;4;1;4;5;4;4;5;3;3;4;5;4;4;3;2;4;4;4;4;4;3;3;5;4;4;4;4;3;4;5;2;2;4;4;4;4;2;4;4;5;2;4;3;4;5;4;2;3;5;7;6;5;6;1;6;2;5;5;6;2;1;2;2;1
49;5;5;5;3;2;1;2;2;5;1;5;1;1;5;3;5;2;5;2;3;5;5;2;2;4;2;2;5;5;3;4;3;4;5;4;3;4;4;2;2;4;4;2;4;5;4;4;4;3;2;2;4;4;4;4;4;4;3;3;3;2;5;5;4;4;3;2;1;3;3;4;4;1;5;5;4;5;5;5;5;5;5;5;5;5;8;9;9;7;1;6;5;5;5;6;3;1;2;3;1
50;3;4;3;3;3;4;3;3;3;4;4;2;3;4;3;3;4;3;3;3;4;4;2;3;4;3;3;4;3;4;3;3;3;4;4;2;3;4;3;5;4;4;3;3;4;4;4;5;5;3;3;4;4;3;4;5;5;4;3;4;4;4;4;5;4;5;3;4;5;5;5;4;2;4;5;4;4;5;4;4;5;4;3;4;5;6;5;5;7;1;5;2;5;5;2;3;1;2;3;1
51;3;5;4;2;3;5;2;5;3;4;4;3;2;4;2;1;5;1;3;3;3;4;1;3;4;2;3;3;4;4;2;3;2;4;3;3;3;2;3;4;4;4;3;3;3;4;5;3;4;2;2;2;4;4;4;4;3;1;4;4;4;4;4;3;3;3;3;2;4;5;5;3;2;4;4;5;5;5;4;4;5;3;4;4;4;7;8;8;9;2;5;3;5;5;2;2;1;2;3;1
52;4;5;4;3;4;4;2;4;2;4;2;1;2;3;3;1;5;1;1;1;3;3;1;3;3;3;3;2;4;4;3;3;4;4;3;3;3;4;1;2;2;2;4;3;4;4;4;3;2;3;4;4;2;4;3;2;3;1;3;3;2;4;4;3;3;5;3;2;3;4;3;4;3;4;4;4;5;4;4;5;5;3;4;2;3;7;6;8;6;1;4;4;5;5;6;2;1;2;3;1
53;2;3;4;1;1;5;2;4;4;4;3;3;2;4;2;2;4;3;2;3;3;3;2;3;4;3;3;3;3;4;2;3;4;4;3;2;3;3;2;4;4;4;3;3;3;3;3;3;4;2;4;2;3;3;4;3;4;2;3;3;2;3;3;3;4;4;3;2;4;4;2;3;2;4;4;4;3;3;4;4;5;2;2;2;2;6;7;7;7;1;6;3;5;5;6;2;2;2;3;1
54;2;5;2;1;2;5;1;4;3;3;4;1;2;3;2;3;5;4;3;2;4;3;1;3;3;5;3;2;2;4;1;3;3;5;3;3;3;4;1;5;3;1;3;2;1;1;5;3;2;3;3;3;3;3;5;3;3;1;5;3;3;3;3;3;3;3;3;2;4;5;5;4;3;5;4;5;3;5;3;5;5;1;1;1;1;5;5;5;5;1;7;4;5;5;6;2;2;2;3;1
55;3;3;4;2;2;4;2;4;4;4;5;3;2;4;2;3;4;2;3;2;2;4;1;2;3;3;3;4;4;3;4;4;4;3;3;3;4;3;3;3;3;2;3;3;3;3;3;2;2;3;3;2;2;3;3;3;3;4;3;3;2;3;4;3;3;3;4;3;4;4;3;3;3;4;4;4;4;4;3;4;4;3;3;4;3;5;6;6;6;1;6;4;5;5;6;2;1;2;3;1
56;2;4;3;1;3;5;1;5;3;4;3;4;3;3;3;2;4;1;2;2;3;5;1;4;4;3;2;3;4;2;3;4;5;5;3;3;5;5;3;4;4;4;2;4;4;4;5;3;4;2;2;5;4;4;5;4;4;1;4;5;3;5;5;4;5;4;1;1;5;5;5;4;5;5;5;5;5;5;3;4;5;3;2;4;3;8;7;8;8;2;5;4;5;5;3;2;1;2;2;1
57;2;4;4;2;4;4;3;4;4;4;4;2;2;2;2;1;4;1;2;2;2;4;2;3;4;2;2;3;4;3;3;3;4;3;2;2;3;3;4;4;3;3;3;4;5;5;4;4;4;4;4;4;4;4;4;4;3;4;4;3;3;4;4;3;4;4;1;1;4;4;4;4;1;4;4;4;4;4;5;4;4;4;4;4;5;8;7;8;9;2;5;4;5;5;4;3;1;2;3;1
58;2;3;3;1;4;5;1;5;3;5;5;3;2;4;2;3;4;2;3;3;3;5;5;3;5;2;3;3;4;4;2;2;2;3;3;4;3;4;2;2;2;1;1;1;1;1;4;2;1;2;1;1;1;2;3;1;1;4;1;1;1;2;1;1;1;2;4;4;3;1;1;1;5;4;5;4;4;3;5;5;4;4;4;3;3;8;8;8;9;1;5;3;5;5;6;3;1;2;3;1
59;3;5;5;2;3;4;2;3;4;4;5;3;4;4;4;5;5;4;4;2;5;4;1;3;4;3;5;4;4;4;3;4;4;5;4;4;4;3;4;5;5;4;3;5;3;3;4;4;4;4;3;3;5;4;5;4;4;2;5;5;4;2;3;3;3;3;2;2;2;3;4;3;3;3;4;4;5;5;5;3;5;4;4;4;5;5;6;7;7;2;4;2;5;5;6;2;2;2;3;1
60;2;4;5;2;3;5;2;4;4;5;4;1;1;2;1;2;5;1;3;2;4;5;1;3;4;2;2;2;3;4;4;4;4;2;4;3;3;2;4;5;5;4;4;5;4;4;5;4;4;4;2;4;3;3;4;4;3;1;3;5;3;4;1;3;4;3;1;1;4;4;4;4;2;4;5;4;5;5;4;4;4;3;3;3;4;9;9;9;9;2;3;4;4;4;4;1;1;2;2;1
61;3;4;3;1;3;4;1;4;4;3;4;1;4;5;3;2;5;2;2;2;2;3;3;3;4;3;3;2;3;4;3;2;2;2;2;2;2;3;2;3;4;2;3;1;3;2;2;3;2;3;3;2;3;4;4;4;3;2;1;2;3;4;3;3;2;3;1;2;4;4;1;2;4;4;3;4;4;3;3;5;5;3;2;4;4;5;5;5;6;2;5;4;5;5;6;2;1;2;3;1
62;2;3;4;2;3;5;2;5;4;5;3;4;2;4;3;2;5;3;3;2;4;4;1;3;4;3;2;3;4;3;2;3;4;3;3;3;4;4;3;4;4;5;2;4;3;4;3;5;4;1;2;3;5;3;5;5;2;3;5;2;3;5;5;4;3;5;2;2;2;3;3;3;1;4;4;5;4;3;4;4;5;4;3;3;4;7;5;6;5;2;6;5;5;5;2;3;2;2;2;1
63;3;5;5;2;4;5;1;5;3;5;3;2;2;5;2;3;4;1;3;3;3;4;1;2;5;3;3;3;3;4;3;4;4;4;4;3;3;5;4;4;3;4;3;4;4;4;4;4;5;2;3;4;4;4;3;3;3;3;3;5;4;4;5;3;4;4;3;1;4;3;3;5;1;5;5;5;5;5;5;4;5;4;4;3;3;8;8;9;9;1;6;2;5;5;4;3;1;2;3;1
64;2;4;4;2;4;3;2;4;4;4;2;1;1;3;2;3;4;2;2;3;3;3;2;2;4;3;2;3;3;3;2;4;3;2;2;2;2;5;4;4;3;4;3;5;4;4;4;4;2;3;3;4;4;4;4;4;3;4;4;4;4;5;5;4;5;4;2;2;3;4;4;5;2;4;4;4;4;4;5;5;4;2;2;3;3;8;9;7;9;1;3;4;4;4;3;3;1;2;3;1
65;2;4;5;2;4;5;2;5;5;5;5;3;3;4;3;3;4;3;4;2;3;3;1;4;3;3;4;2;2;4;3;5;5;4;4;3;3;3;3;4;4;5;4;5;5;4;4;3;3;3;2;5;4;4;4;4;3;2;3;4;3;2;4;4;5;4;3;3;5;5;4;5;1;5;5;5;5;5;5;5;4;3;3;4;3;6;8;8;8;1;3;1;5;5;6;2;1;1;3;1
66;2;4;4;2;4;5;3;4;3;4;3;3;2;3;2;3;4;3;3;3;3;4;3;2;3;3;3;3;4;3;3;3;3;3;3;2;3;4;4;4;3;5;5;5;5;5;4;5;5;4;5;4;5;5;4;5;5;3;4;5;4;5;5;4;5;5;4;2;5;4;4;5;2;4;4;4;4;4;4;4;4;4;4;4;3;7;6;7;7;1;6;4;5;5;3;3;1;2;3;1
67;3;4;5;3;4;4;3;5;3;4;5;3;3;4;3;3;4;1;3;2;3;4;3;3;3;2;3;3;3;4;3;4;4;4;4;3;4;4;4;4;3;4;3;4;4;4;4;4;4;3;5;4;4;3;4;4;3;1;3;4;4;4;4;4;5;4;2;2;4;4;3;3;2;4;4;4;5;4;4;4;4;4;3;4;4;9;9;9;8;1;6;4;5;5;6;2;1;2;3;1
68;4;4;4;2;4;3;4;4;3;4;3;2;3;3;4;3;3;2;2;4;3;3;2;4;4;3;5;4;3;3;3;3;4;3;4;2;2;4;3;3;4;3;2;4;4;4;4;3;2;2;2;3;4;4;3;4;3;2;3;4;4;3;3;4;3;3;1;1;2;2;3;3;2;3;3;3;4;5;4;4;5;4;4;3;4;8;6;7;8;2;5;4;5;5;6;3;1;2;3;3
69;3;2;4;5;2;4;1;3;3;3;3;2;2;3;3;2;4;2;2;2;3;4;1;4;4;3;3;3;2;2;4;4;3;3;4;4;4;5;3;5;5;4;3;4;4;4;4;3;4;3;5;4;4;4;4;4;4;3;5;4;4;5;4;3;4;4;3;1;4;5;5;3;1;4;4;4;4;5;4;5;5;3;3;3;3;8;9;9;8;1;6;3;5;5;6;1;2;2;3;3
70;3;2;4;2;3;4;2;4;3;2;1;2;1;2;2;1;4;1;2;2;3;4;1;3;2;2;3;3;4;4;4;5;5;2;3;4;4;5;4;4;4;4;3;5;4;5;5;4;3;1;2;4;4;4;4;4;4;3;3;4;4;4;3;2;4;3;3;3;3;3;2;4;2;3;4;4;5;4;4;4;4;3;5;4;3;7;7;8;9;2;4;4;5;5;2;3;1;2;3;3
71;1;3;5;2;3;4;3;4;5;5;3;2;1;4;3;2;4;1;2;2;3;2;3;3;5;2;2;2;4;1;1;3;3;4;2;3;4;2;3;2;3;5;4;3;5;3;3;2;1;4;3;1;3;1;2;2;3;3;1;1;1;3;2;1;2;2;4;4;3;4;3;5;2;3;5;3;5;3;4;3;5;3;4;3;4;9;9;9;9;1;5;4;5;5;1;3;2;2;3;3
72;1;4;4;2;4;5;1;3;3;4;1;4;1;2;3;2;5;4;2;2;3;4;1;4;4;3;3;3;3;3;5;4;5;4;4;4;3;5;4;4;5;5;4;5;5;5;5;4;4;3;3;4;5;4;5;5;4;3;4;5;4;5;5;4;4;5;3;1;5;4;5;4;1;5;5;5;5;5;5;5;5;4;5;4;5;6;7;7;7;2;4;4;5;5;6;3;1;2;3;3
73;3;5;5;3;4;5;3;5;4;3;3;4;2;4;2;2;5;3;4;3;4;4;1;3;5;3;2;4;4;4;4;5;5;4;3;3;4;4;4;4;4;5;3;4;4;4;4;3;4;3;3;5;4;4;5;5;5;1;3;4;3;4;5;4;4;4;1;1;4;4;4;5;1;5;4;5;4;4;4;5;5;4;4;4;3;5;6;6;6;2;6;4;5;5;4;2;2;2;3;3
74;1;5;4;2;4;4;1;5;3;4;2;3;2;5;2;3;4;2;3;2;3;4;1;2;2;1;4;2;4;1;3;3;4;4;3;2;4;5;4;4;2;4;2;3;3;2;4;5;1;3;3;2;2;3;3;4;3;1;3;3;3;4;4;3;5;2;1;1;5;5;5;4;1;4;5;5;5;5;5;4;5;4;3;3;4;5;5;5;5;1;3;5;3;4;4;3;2;2;3;2
75;2;5;5;2;3;5;3;4;4;3;2;2;2;4;3;2;4;1;3;2;3;4;1;3;5;1;2;3;5;2;2;4;4;3;3;3;3;5;4;4;3;5;3;5;5;5;5;4;5;3;4;4;5;3;5;4;5;3;4;4;4;3;4;4;4;5;1;1;5;4;4;5;1;5;4;5;5;5;5;5;4;5;4;4;5;9;9;8;9;2;3;4;4;4;6;4;2;2;3;2
76;2;5;5;2;3;5;3;4;4;3;2;2;2;4;3;2;4;1;3;2;3;4;1;3;5;1;2;3;5;2;2;4;4;3;3;3;3;5;4;4;3;5;3;5;5;5;5;4;5;3;4;4;5;3;5;4;5;3;4;4;4;3;4;4;4;5;1;1;5;4;4;5;1;5;4;5;5;5;5;5;4;5;4;4;5;9;9;8;9;2;3;3;3;3;6;4;2;2;3;2
77;2;5;5;2;3;5;3;4;4;3;2;2;2;4;3;2;4;1;3;2;3;4;1;3;5;1;2;3;5;2;2;4;4;3;3;3;3;5;4;4;3;5;3;5;5;5;5;4;5;3;4;4;5;3;5;4;5;3;4;4;4;3;4;4;4;5;1;1;5;4;4;5;1;5;4;5;5;5;5;5;4;5;4;4;5;9;9;8;9;1;3;2;4;4;6;4;2;2;3;2
78;2;5;5;2;3;5;3;4;4;3;2;2;2;4;3;2;4;1;3;2;3;4;1;3;5;1;2;3;5;2;2;4;4;3;3;3;3;5;4;4;3;5;3;5;5;5;5;4;5;4;4;4;4;4;5;4;5;3;4;4;4;3;4;4;4;5;1;1;5;4;4;5;1;5;4;5;5;5;5;5;4;5;4;4;5;9;9;8;9;2;3;4;4;4;6;4;2;2;3;2
79;3;5;5;3;4;2;2;4;4;3;1;2;1;5;4;1;3;1;3;4;4;4;2;2;4;2;2;5;5;3;4;4;5;3;4;2;4;2;4;5;5;5;2;5;4;4;4;3;3;2;2;2;3;3;5;4;4;2;4;4;3;3;5;4;4;4;2;2;5;5;4;4;2;4;4;4;4;4;4;4;4;4;3;4;4;6;7;7;7;2;6;5;5;5;5;4;1;2;3;2
80;1;5;5;1;3;5;3;4;2;5;3;1;1;4;1;1;4;1;2;1;2;4;1;2;3;4;2;4;4;2;2;4;1;1;3;2;2;5;2;2;1;1;5;1;1;1;1;2;1;5;5;1;1;1;1;1;4;1;1;1;1;1;1;2;1;2;1;4;2;2;2;1;4;4;3;5;5;5;4;5;5;5;3;4;4;6;7;5;8;2;4;3;5;4;4;1;1;2;3;2
81;2;4;5;2;2;5;3;4;4;5;3;3;2;4;2;2;5;1;4;2;5;1;1;4;5;1;3;3;4;5;2;3;2;3;5;3;4;2;1;2;3;2;2;1;2;1;3;2;1;4;1;1;2;2;2;1;5;2;1;1;3;2;2;2;1;1;3;3;1;1;1;2;3;5;3;5;5;5;5;5;5;5;4;4;5;8;8;9;9;1;4;2;5;5;6;1;2;2;3;2
82;2;4;3;3;2;4;2;4;3;3;4;2;3;2;3;4;4;3;5;5;2;3;3;2;3;3;5;3;3;3;2;3;3;2;3;3;2;4;3;4;3;4;3;3;3;3;4;5;2;3;4;4;4;3;3;3;3;2;3;3;3;3;3;3;3;3;3;3;4;4;3;3;3;4;4;4;4;4;3;3;4;4;1;4;3;4;5;5;5;2;3;3;4;3;3;1;1;2;3;2
83;4;5;3;2;3;5;1;5;4;5;4;1;2;4;3;3;5;2;2;3;1;2;3;3;4;4;5;3;3;2;3;2;4;4;3;2;2;4;4;4;4;4;4;5;5;5;4;5;4;4;5;4;5;3;5;5;3;1;3;3;5;4;5;4;4;5;2;1;5;5;4;5;1;2;4;4;5;4;3;5;5;4;3;5;4;6;6;6;6;1;4;4;5;5;6;3;1;2;3;2
84;3;5;4;2;2;5;1;5;3;4;4;1;2;3;3;2;5;1;3;2;2;2;2;4;5;3;3;2;4;2;2;2;4;3;3;2;3;5;3;4;4;5;2;5;5;4;4;5;3;2;4;4;5;4;4;4;3;2;2;5;5;4;5;3;4;4;3;1;5;5;3;5;1;4;5;4;5;5;4;5;4;3;3;3;4;9;9;9;9;2;4;4;5;5;6;1;1;2;3;2
85;1;5;5;1;5;2;2;4;3;3;1;3;1;5;4;3;3;1;2;1;4;5;1;2;2;2;2;3;3;3;2;2;5;2;3;2;3;1;3;3;3;4;2;4;3;2;3;4;3;2;2;3;3;2;3;3;3;3;4;4;3;2;4;3;3;3;3;2;3;3;3;4;1;5;5;5;5;5;5;4;4;4;3;4;5;9;9;8;9;1;5;4;5;5;1;4;1;2;3;2
86;2;5;5;2;4;5;2;5;4;4;3;1;2;4;3;4;5;2;2;1;4;4;1;4;4;2;2;5;4;2;3;2;3;2;3;2;2;5;5;3;3;4;3;4;4;4;4;3;3;3;4;5;4;3;2;3;5;1;2;3;3;2;4;4;5;3;1;1;4;3;3;4;1;5;5;4;5;5;3;5;4;4;3;1;4;8;7;6;7;1;1;4;2;2;3;1;2;2;2;2
87;2;3;4;2;3;3;3;4;4;4;4;2;1;3;2;2;4;2;2;1;3;4;2;3;4;2;3;2;4;3;3;4;4;3;3;4;4;4;3;4;4;5;3;4;4;4;3;2;4;3;3;3;4;4;4;2;3;3;3;3;4;2;2;3;2;4;2;2;4;3;3;3;2;4;4;4;4;3;4;4;5;4;3;5;4;8;8;8;7;1;3;5;3;3;4;3;2;2;3;5
88;3;5;5;2;4;2;3;3;2;4;4;1;1;3;3;2;3;4;2;2;4;4;3;2;4;3;1;3;2;2;2;4;3;3;2;4;3;5;3;3;4;4;2;4;4;4;3;5;2;2;1;3;4;4;4;4;3;2;3;4;3;3;4;4;3;5;2;2;4;4;4;4;3;4;4;4;4;4;4;4;4;3;4;5;3;5;8;7;7;1;5;5;5;5;6;3;1;2;2;5
89;2;3;3;2;4;3;4;4;3;4;2;3;2;3;5;2;3;2;3;2;2;3;1;3;4;3;2;3;4;4;4;4;4;4;4;4;4;2;3;4;4;5;4;4;5;5;5;4;4;5;4;4;5;4;4;3;3;2;3;4;3;5;4;4;5;2;2;3;4;4;4;2;1;4;5;4;4;5;5;4;5;4;4;5;4;7;8;8;9;1;5;4;4;4;5;3;1;2;2;5
90;3;3;4;2;2;4;1;4;4;3;4;1;2;3;2;1;4;1;3;2;3;3;2;2;4;3;3;3;3;2;2;3;2;3;2;3;4;5;2;2;1;3;4;2;2;2;3;3;1;4;4;1;3;3;2;2;2;1;1;2;2;1;2;4;1;4;1;1;4;2;3;2;3;3;3;3;3;3;3;4;5;3;4;4;3;5;6;6;7;1;5;5;5;5;6;3;1;2;3;5
91;2;3;4;2;3;5;3;4;4;4;4;4;2;3;2;3;5;1;3;2;3;4;1;4;4;3;2;3;4;4;4;4;5;4;4;4;4;1;3;4;4;5;5;4;5;4;5;5;5;4;4;4;4;5;5;4;3;1;4;4;3;5;4;4;4;4;1;1;4;4;4;4;1;4;5;4;5;5;5;5;5;4;4;4;4;8;9;9;8;1;6;4;5;5;6;4;1;2;2;5
92;2;4;3;2;4;5;2;4;4;4;5;3;2;4;2;3;5;2;3;2;3;4;3;4;4;3;3;3;4;4;3;3;3;2;3;3;3;4;4;4;3;4;2;4;4;3;4;4;4;3;4;4;3;3;4;4;3;2;3;4;3;3;4;4;4;3;2;2;4;3;3;4;2;4;4;4;4;4;4;3;3;3;3;3;3;7;7;7;6;1;5;3;5;5;5;2;2;2;3;4
93;1;5;4;2;5;4;2;3;4;5;3;1;2;3;2;1;5;2;4;2;3;5;2;2;3;1;2;3;4;4;2;5;2;1;2;3;3;5;4;4;5;5;2;4;5;5;4;5;5;2;3;4;3;4;5;5;4;3;4;4;5;5;4;4;5;5;2;1;4;4;4;5;1;5;5;4;5;5;4;5;5;4;3;4;2;4;3;3;3;2;3;4;4;4;2;3;1;2;3;4
94;2;3;4;1;3;5;3;3;3;4;2;3;1;2;2;1;4;1;2;1;3;4;3;3;4;3;2;3;3;3;2;3;3;3;2;2;3;2;3;4;3;3;3;3;4;4;4;3;3;2;2;3;4;3;3;2;3;1;3;3;3;3;3;3;3;3;1;1;3;4;4;5;2;4;4;4;4;4;3;4;4;2;2;3;3;6;6;6;5;1;2;5;2;2;1;2;1;2;2;4
95;4;5;5;2;3;4;2;3;4;4;3;2;1;3;2;2;4;1;1;1;4;3;1;1;4;1;2;4;5;2;2;3;4;2;2;3;4;3;2;4;4;5;3;4;3;4;4;5;3;2;2;4;4;3;3;4;3;2;4;4;3;3;4;3;4;4;1;1;4;4;4;3;2;4;4;4;4;4;3;5;4;4;3;4;4;8;8;8;8;1;6;5;5;5;2;1;1;2;2;4
96;2;4;4;1;4;5;1;5;5;5;3;3;1;4;2;2;4;1;2;1;3;3;1;2;4;3;2;2;5;2;3;3;3;3;3;3;4;5;4;5;4;4;2;5;4;5;5;4;4;2;2;4;4;4;4;3;4;1;5;5;4;4;5;4;5;4;2;1;4;5;5;5;1;5;5;5;5;5;4;5;5;3;4;4;3;8;8;9;9;1;4;5;4;4;5;2;1;2;2;4
97;2;5;4;1;4;3;2;3;2;1;2;1;1;4;3;3;5;2;1;2;1;4;1;3;5;3;2;5;4;2;3;3;4;2;3;2;3;5;4;5;5;5;2;5;5;5;5;5;5;1;3;5;5;5;5;5;5;3;5;5;5;5;5;5;5;5;3;1;5;5;5;5;1;5;5;4;5;4;4;4;5;4;4;3;3;7;7;7;7;1;5;4;5;5;6;2;2;2;2;4
98;2;4;3;2;4;3;2;4;5;5;4;3;1;3;2;2;4;2;2;2;2;4;1;4;5;2;2;3;4;3;2;2;3;2;2;2;2;2;3;4;4;3;2;4;3;5;3;4;3;2;2;3;3;4;3;5;3;2;3;4;3;5;5;3;4;4;4;3;4;5;3;4;3;4;4;4;5;3;5;5;5;3;2;4;4;5;8;7;6;2;4;5;4;3;6;3;2;2;3;4
99;2;4;5;3;4;3;2;3;4;4;5;1;1;1;3;4;4;4;1;2;2;5;3;2;5;1;3;2;2;2;2;2;3;2;1;2;2;2;2;4;4;3;2;3;4;4;4;3;3;2;1;3;4;3;4;2;4;3;4;3;3;4;4;3;3;4;2;3;5;5;5;3;4;3;4;3;4;3;2;3;5;4;3;3;4;5;6;6;8;2;3;3;3;4;6;1;1;2;2;4
100;1;4;5;1;4;5;3;5;5;5;3;2;5;5;2;2;4;1;1;2;2;4;1;3;5;2;2;4;4;4;3;4;5;5;4;3;5;5;5;4;4;5;5;5;5;5;5;5;5;2;5;5;4;5;5;5;5;2;3;5;5;5;5;5;5;5;3;1;5;5;5;5;1;5;5;4;5;5;5;4;5;4;4;3;3;7;7;8;8;1;3;5;3;3;4;2;1;2;2;3
