"";"x"
"1";-0,626453810742332
"2";0,183643324222082
"3";-0,835628612410047
"4";1,59528080213779
"5";0,329507771815361
"6";-0,820468384118015
"7";0,487429052428485
"8";0,738324705129217
"9";0,575781351653492
"10";-0,305388387156356
"11";1,51178116845085
"12";0,389843236411431
"13";-0,621240580541804
"14";-2,2146998871775
"15";1,12493091814311
"16";-0,0449336090152309
"17";-0,0161902630989461
"18";0,943836210685299
"19";0,821221195098089
"20";0,593901321217509
"21";0,918977371608218
"22";0,782136300731067
"23";0,0745649833651906
"24";-1,98935169586337
"25";0,61982574789471
"26";-0,0561287395290008
"27";-0,155795506705329
"28";-1,47075238389927
"29";-0,47815005510862
"30";0,417941560199702
"31";1,35867955152904
"32";-0,102787727342996
"33";0,387671611559369
"34";-0,0538050405829051
"35";-1,37705955682861
"36";-0,41499456329968
"37";-0,394289953710349
"38";-0,0593133967111857
"39";1,10002537198388
"40";0,763175748457544
"41";-0,164523596253587
"42";-0,253361680136508
"43";0,696963375404737
"44";0,556663198673657
"45";-0,68875569454952
"46";-0,70749515696212
"47";0,36458196213683
"48";0,768532924515416
"49";-0,112346212150228
"50";0,881107726454215
"51";0,398105880367068
"52";-0,612026393250771
"53";0,341119691424425
"54";-1,12936309608079
"55";1,43302370170104
"56";1,98039989850586
"57";-0,367221476466509
"58";-1,04413462631653
"59";0,569719627442413
"60";-0,135054603880824
"61";2,40161776050478
"62";-0,0392400027331692
"63";0,689739362450777
"64";0,0280021587806661
"65";-0,743273208882405
"66";0,188792299514343
"67";-1,80495862889104
"68";1,46555486156289
"69";0,153253338211898
"70";2,17261167036215
"71";0,475509528899663
"72";-0,709946430921815
"73";0,610726353489055
"74";-0,934097631644252
"75";-1,2536334002391
"76";0,291446235517463
"77";-0,443291873218433
"78";0,00110535163162413
"79";0,0743413241516641
"80";-0,589520946188072
"81";-0,568668732818502
"82";-0,135178615123832
"83";1,1780869965732
"84";-1,52356680042976
"85";0,593946187628422
"86";0,332950371213518
"87";1,06309983727636
"88";-0,304183923634301
"89";0,370018809916288
"90";0,267098790772231
"91";-0,54252003099165
"92";1,20786780598317
"93";1,16040261569495
"94";0,700213649514998
"95";1,58683345454085
"96";0,558486425565304
"97";-1,27659220845804
"98";-0,573265414236886
"99";-1,22461261489836
"100";-0,473400636439312
"101";-0,620366677224124
"102";0,0421158731442352
"103";-0,910921648552446
"104";0,158028772404075
"105";-0,654584643918818
"106";1,76728726937265
"107";0,716707476017206
"108";0,910174229495227
"109";0,384185357826345
"110";1,68217608051942
"111";-0,635736453948977
"112";-0,461644730360566
"113";1,43228223854166
"114";-0,650696353310367
"115";-0,207380743601965
"116";-0,392807929441984
"117";-0,319992868548507
"118";-0,279113302976559
"119";0,494188331267827
"120";-0,177330482269606
"121";-0,505957462114257
"122";1,34303882517041
"123";-0,214579408546869
"124";-0,179556530043387
"125";-0,100190741213562
"126";0,712666307051405
"127";-0,0735644041263263
"128";-0,0376341714670479
"129";-0,681660478755657
"130";-0,324270272246319
"131";0,0601604404345152
"132";-0,588894486259664
"133";0,531496192632572
"134";-1,51839408178679
"135";0,306557860789766
"136";-1,53644982353759
"137";-0,300976126836611
"138";-0,528279904445006
"139";-0,652094780680999
"140";-0,0568967778473925
"141";-1,91435942568001
"142";1,17658331201856
"143";-1,664972436212
"144";-0,463530401472386
"145";-1,11592010504285
"146";-0,750819001193448
"147";2,08716654562835
"148";0,0173956196932517
"149";-1,28630053043433
"150";-1,64060553441858
"151";0,450187101272656
"152";-0,018559832714638
"153";-0,318068374543844
"154";-0,929362147453702
"155";-1,48746031014148
"156";-1,07519229661568
"157";1,00002880371391
"158";-0,621266694796823
"159";-1,38442684738449
"160";1,86929062242358
"161";0,425100377372448
"162";-0,238647100913033
"163";1,05848304870902
"164";0,886422651374936
"165";-0,619243048231147
"166";2,20610246454047
"167";-0,255027030141015
"168";-1,42449465021281
"169";-0,144399601954219
"170";0,207538339232345
"171";2,30797839905936
"172";0,105802367893711
"173";0,456998805423414
"174";-0,077152935356531
"175";-0,334000842366544
"176";-0,0347260283112762
"177";0,787639605630162
"178";2,07524500865228
"179";1,02739243876377
"180";1,2079083983867
"181";-1,23132342155804
"182";0,983895570053379
"183";0,219924803660651
"184";-1,46725002909224
"185";0,521022742648139
"186";-0,158754604716016
"187";1,4645873119698
"188";-0,766081999604665
"189";-0,430211753928547
"190";-0,926109497377437
"191";-0,17710396143654
"192";0,402011779486338
"193";-0,731748173119606
"194";0,830373167981674
"195";-1,20808278630446
"196";-1,04798441280774
"197";1,44115770684428
"198";-1,01584746530465
"199";0,411974712317515
"200";-0,38107605110892
"201";0,409401839650934
"202";1,68887328620405
"203";1,58658843344197
"204";-0,330907800682766
"205";-2,28523553529247
"206";2,49766158983416
"207";0,667066166765493
"208";0,5413273359637
"209";-0,0133995231459087
"210";0,510108422952926
"211";-0,164375831769667
"212";0,420694643254513
"213";-0,400246743977644
"214";-1,37020787754746
"215";0,987838267454879
"216";1,51974502549955
"217";-0,308740569225614
"218";-1,25328975560769
"219";0,642241305677824
"220";-0,0447091368939791
"221";-1,73321840682484
"222";0,00213185968026965
"223";-0,630300333928146
"224";-0,340968579860405
"225";-1,15657236263585
"226";1,80314190791747
"227";-0,331132036391221
"228";-1,60551341225308
"229";0,197193438739481
"230";0,263175646405474
"231";-0,985826700409291
"232";-2,88892067167955
"233";-0,640481702565115
"234";0,570507635920485
"235";-0,05972327604261
"236";-0,0981787440052344
"237";0,560820728620116
"238";-1,18645863857947
"239";1,09677704427424
"240";-0,00534402827816569
"241";0,707310667398079
"242";1,03410773473746
"243";0,223480414915304
"244";-0,878707612866019
"245";1,16296455596733
"246";-2,00016494478548
"247";-0,544790740001725
"248";-0,255670709156989
"249";-0,166121036765006
"250";1,02046390878411
"251";0,136221893102778
"252";0,407167603423836
"253";-0,0696548130129049
"254";-0,247664341619331
"255";0,69555080661964
"256";1,1462283572158
"257";-2,40309621489187
"258";0,572739555245841
"259";0,374724406778655
"260";-0,425267721556076
"261";0,951012807576816
"262";-0,389237181718379
"263";-0,284330661799574
"264";0,857409778079803
"265";1,7196272991206
"266";0,270054900937229
"267";-0,42218400978764
"268";-1,18911329485959
"269";-0,33103297887901
"270";-0,939829326510021
"271";-0,258932583118785
"272";0,394379168221572
"273";-0,851857092023863
"274";2,64916688109488
"275";0,156011675665079
"276";1,13020726745494
"277";-2,28912397984011
"278";0,741001157195439
"279";-1,31624516045156
"280";0,919803677609141
"281";0,398130155451956
"282";-0,407528579269772
"283";1,32425863017727
"284";-0,70123166924692
"285";-0,580614304240536
"286";-1,00107218102542
"287";-0,668178606753393
"288";0,945184953373082
"289";0,433702149545162
"290";1,00515921767704
"291";-0,390118664053679
"292";0,376370291774648
"293";0,244164924486494
"294";-1,42625734238254
"295";1,77842928747545
"296";0,134447660933676
"297";0,765598999157864
"298";0,955136676908982
"299";-0,0505657014422701
"300";-0,305815419766971
"301";0,893673702425513
"302";-1,0472981490613
"303";1,97133738622415
"304";-0,383632106288362
"305";1,65414530227499
"306";1,51221269395063
"307";0,082965733585914
"308";0,5672209148515
"309";-1,02454847953446
"310";0,323006503022436
"311";1,04361245835618
"312";0,0990784868971982
"313";-0,45413690915436
"314";-0,65578185245044
"315";-0,0359224226225114
"316";1,0691614606768
"317";-0,483974930301277
"318";-0,121010111327444
"319";-1,29414000382084
"320";0,494312836014856
"321";1,30790152011415
"322";1,49704100940278
"323";0,814702730897356
"324";-1,86978879020261
"325";0,48202950412376
"326";0,456135603301202
"327";-0,353400285829911
"328";0,170489470947982
"329";-0,864035954126904
"330";0,679230774015656
"331";-0,327101014653104
"332";-1,56908218514395
"333";-0,367450756170482
"334";1,36443492906985
"335";-0,334281364731164
"336";0,732750042209102
"337";0,946585640197786
"338";0,00439870432637403
"339";-0,352322305549849
"340";-0,529695509133504
"341";0,739589225574796
"342";-1,06345741548281
"343";0,2462108435364
"344";-0,289499366564312
"345";-2,26488935648794
"346";-1,40885045607319
"347";0,916019328792574
"348";-0,1912789505352
"349";0,803283216133648
"350";1,8874744633086
"351";1,47388118110914
"352";0,677268492312998
"353";0,379962686566745
"354";-0,192798426457334
"355";1,5778917949044
"356";0,596234109318454
"357";-1,17357694087136
"358";-0,155642534890318
"359";-1,91890982026984
"360";-0,195258846110637
"361";-2,59232766994599
"362";1,31400216719805
"363";-0,635543001032135
"364";-0,429978838694188
"365";-0,169318332301963
"366";0,612218173989128
"367";0,6783401772227
"368";0,567951972471672
"369";-0,572542603926126
"370";-1,36329125627834
"371";-0,388722244337901
"372";0,277914132450543
"373";-0,823081121572025
"374";-0,0688409344784646
"375";-1,1676623261298
"376";-0,0083090142156068
"377";0,128855401597405
"378";-0,145875628461003
"379";-0,163910956736068
"380";1,76355200278492
"381";0,762586512418318
"382";1,11143108073063
"383";-0,923206952829831
"384";0,164341838427956
"385";1,15482518709727
"386";-0,0565214245264898
"387";-2,12936064823465
"388";0,344845762099456
"389";-1,90495544558553
"390";-0,811170153140217
"391";1,3240043212996
"392";0,615636849302674
"393";1,09166895553536
"394";0,306604861513632
"395";-0,110158762482857
"396";-0,924312773127284
"397";1,5929137537192
"398";0,0450105981218803
"399";-0,715128400667883
"400";0,865223099717138
"401";1,0744409582779
"402";1,89565477419858
"403";-0,602997303605094
"404";-0,390867820723137
"405";-0,416222031530192
"406";-0,375657422820391
"407";-0,366630945702358
"408";-0,295677452700886
"409";1,44182041019987
"410";-0,697538291913041
"411";-0,38816750592136
"412";0,652536452171517
"413";1,12477244653513
"414";-0,772110803023928
"415";-0,508086216138287
"416";0,523620590498017
"417";1,01775422653797
"418";-0,251164588087978
"419";-1,42999344738861
"420";1,70912103210088
"421";1,43506957231162
"422";-0,71037114584988
"423";-0,0650675736555838
"424";-1,75946873536593
"425";0,569722971819101
"426";1,61234679820178
"427";-1,63728064710472
"428";-0,779568513201747
"429";-0,641176933750564
"430";-0,681131393571156
"431";-2,03328559561795
"432";0,500963559247907
"433";-1,53179813996574
"434";-0,0249976392782635
"435";0,592984721025293
"436";-0,19819542148464
"437";0,892008392473526
"438";-0,0257150709181537
"439";-0,647660450585665
"440";0,64635941503464
"441";-0,433832740029588
"442";1,7726111849785
"443";-0,0182597111630101
"444";0,852814993600531
"445";0,205162903244026
"446";-3,00804859892048
"447";-1,36611193132898
"448";-0,424102260144812
"449";0,236803663745558
"450";-2,34272312035896
"451";0,961696633380712
"452";-0,60442573385444
"453";-0,752877279362913
"454";-1,55561159254425
"455";-1,45389373800106
"456";0,0563318360544103
"457";0,509369406673892
"458";-2,0978829597843
"459";-1,00436197944933
"460";0,535771722252592
"461";-0,453037084649918
"462";2,16536850181726
"463";1,24574667274811
"464";0,595498034069596
"465";0,0048844495381889
"466";0,279360782055259
"467";-0,705906125267626
"468";0,628017152957251
"469";1,4802139600857
"470";1,08342991008328
"471";-0,813244256664091
"472";-1,61887684922359
"473";-0,109655699488241
"474";0,440889370916978
"475";1,3509939798086
"476";-1,31860948453356
"477";0,364384592607448
"478";0,233499835088518
"479";1,19395526125905
"480";-0,0279099721295774
"481";-0,357298854504253
"482";-1,14681413611837
"483";-0,517420483593623
"484";-0,362123772578272
"485";2,35055432578911
"486";2,44653137569996
"487";-0,166703279484276
"488";-1,04366743906189
"489";-1,97293493407467
"490";0,514671633438029
"491";-1,09057358373486
"492";2,28465932554436
"493";-0,885617572657959
"494";0,111106429745722
"495";3,81027668071067
"496";-1,10890999794325
"497";0,307566624421454
"498";-1,10689447222516
"499";0,34765364882196
"500";-0,873264535062044
"501";0,0773031227369236
"502";-0,296868642156621
"503";-1,18324224043267
"504";0,0112926884238996
"505";0,991601036059367
"506";1,59396745390374
"507";-1,37271127092917
"508";-0,249610933042319
"509";1,15942452685555
"510";-1,1142223478436
"511";-2,52850068885039
"512";-0,935902558513312
"513";-0,967239457935565
"514";0,0474885923277959
"515";-0,403736793498034
"516";0,231496128244633
"517";-0,422372407926746
"518";0,374118394695298
"519";-0,366005774997015
"520";1,19010144652106
"521";-0,737327525257229
"522";0,290666645439266
"523";-0,884849568284455
"524";0,208006478870832
"525";-0,0477301724785263
"526";-1,68452064613859
"527";-0,144226556618951
"528";1,18021366550265
"529";0,681399923199504
"530";0,143247630887551
"531";-1,19231644371292
"532";1,16922865278909
"533";0,0792017089453723
"534";-0,451773752768677
"535";1,64202821280077
"536";-0,769592321599518
"537";0,303360960757848
"538";1,28173742118351
"539";0,602222795170429
"540";-0,307022264536836
"541";-0,418418103422641
"542";0,355135530046085
"543";0,513481114599557
"544";0,01860740032874
"545";1,31844897225668
"546";-0,065831999838153
"547";-0,700296078317704
"548";0,537326131521341
"549";-2,20178232235392
"550";0,391973743798411
"551";0,496960952423719
"552";-0,224874715429902
"553";-1,11714316533188
"554";-0,394994603313877
"555";1,54983034223631
"556";-0,743514479798666
"557";-2,33171211772957
"558";0,812245442209214
"559";-0,501310657201351
"560";-0,510886565952357
"561";-1,21536404115501
"562";-0,022558628347222
"563";0,701239300429707
"564";-0,587482025589799
"565";-0,60672794141879
"566";1,09664021500029
"567";-0,247509677080296
"568";-0,159901713323247
"569";-0,625778250735075
"570";0,900434635600238
"571";-0,994193629266225
"572";0,849250385880362
"573";0,805702288976437
"574";-0,46760093599122
"575";0,848420313723343
"576";0,986769863596017
"577";0,57562028851936
"578";2,02484204541817
"579";-1,96235319122504
"580";-1,16492093063759
"581";-1,37651921373083
"582";0,167679934469767
"583";1,58462907915972
"584";1,67788895297625
"585";0,488296698394955
"586";0,878673262560324
"587";-0,144874874029881
"588";0,468971760074208
"589";0,376235477129484
"590";-0,761040275056481
"591";-0,293294933750864
"592";-0,134841264407518
"593";1,39384581617302
"594";-1,03698868969829
"595";-2,11433514780366
"596";0,768278218204398
"597";-0,816160620753485
"598";-0,436106923160574
"599";0,904705031282809
"600";-0,763086264548317
"601";-0,341066979637804
"602";1,50242453423459
"603";0,5283077123164
"604";0,542191355464308
"605";-0,136673355717877
"606";-1,13673385330273
"607";-1,49662715435579
"608";-0,223385643556595
"609";2,00171922777288
"610";0,221703816213622
"611";0,164372909246388
"612";0,33262360885001
"613";-0,385207999091431
"614";-1,39875402655789
"615";2,67574079585182
"616";-0,423686088681983
"617";-0,298601511933064
"618";-1,79234172685298
"619";-0,248008225068098
"620";-0,247303918374605
"621";-0,255510378526346
"622";-1,78693810009257
"623";1,78466281602476
"624";1,76358634774588
"625";0,689600221934096
"626";-1,10074064442392
"627";0,714509356897811
"628";-0,246470316934021
"629";-0,319786165927205
"630";1,3626442929547
"631";-1,22788258998268
"632";-0,511219232750473
"633";-0,731194999064964
"634";0,0197520068767907
"635";-1,57286391470999
"636";-0,703333269828288
"637";0,715932088907665
"638";0,465214906423109
"639";-0,973902306404292
"640";0,559217730468333
"641";-2,43263974540567
"642";-0,340484926702145
"643";0,713033194850233
"644";-0,659037386489128
"645";-0,0364026225664853
"646";-1,59328630152691
"647";0,847792797247769
"648";-1,85038884866061
"649";-0,323650631690314
"650";-0,255248112503172
"651";0,0609212273067499
"652";-0,823491629018878
"653";1,82973048483604
"654";-1,4299162157815
"655";0,254137143004585
"656";-2,93977369533598
"657";0,00241580894347513
"658";0,509665571261936
"659";-1,08472000111396
"660";0,704832976877566
"661";0,330976349994212
"662";0,976327472976372
"663";-0,843339880398736
"664";-0,970579904862913
"665";-1,77153134864293
"666";-0,322470341645949
"667";-1,3388007423545
"668";0,688156028146055
"669";0,0712806522505788
"670";2,18975235927918
"671";-1,15770759930148
"672";1,18168806409233
"673";-0,527368361608178
"674";-1,45662801131076
"675";0,572967370493168
"676";-1,43337770467221
"677";-1,0551850185265
"678";-0,733111877421952
"679";0,210907264251298
"680";-0,99892072706101
"681";1,07785032320562
"682";-1,19897438250787
"683";0,216637035184711
"684";0,143087029788927
"685";-1,06575009105298
"686";-0,428623410701779
"687";-0,656179476771346
"688";0,959394326857613
"689";1,55605263610222
"690";-1,04079643378825
"691";0,930572408540247
"692";-0,0754459310121911
"693";-1,96719534905096
"694";-0,755903642645193
"695";0,461149160506762
"696";0,145106631047872
"697";-2,44231132108142
"698";0,580318685451573
"699";0,655051998486745
"700";-0,304508837259419
"701";-0,707568232617297
"702";1,97157201447823
"703";-0,0899986806477491
"704";-0,0140172519319242
"705";-1,12345693711015
"706";-1,34413012337621
"707";-1,52315577106209
"708";-0,421968210382174
"709";1,36092446408098
"710";1,75379484533487
"711";1,56836473435279
"712";1,29675556994775
"713";-0,237596251443612
"714";-1,22415013568071
"715";-0,327812680140072
"716";-2,41245027627225
"717";-0,31379287344339
"718";1,65987870464572
"719";0,130953100607517
"720";1,09588868268958
"721";0,489340956943913
"722";-0,778910295448653
"723";1,74355935292935
"724";-0,0783872853310662
"725";-0,975553792522548
"726";0,0706598247385691
"727";-1,5185995288232
"728";0,863779032791318
"729";0,501568385364368
"730";-0,354781329646987
"731";-0,48842888759119
"732";0,936293947292698
"733";-1,06240838642214
"734";-0,983820871704388
"735";0,424247877020078
"736";-0,451313480552634
"737";0,925084796723901
"738";-0,198620809812313
"739";1,1948510169004
"740";0,495544705180151
"741";-2,24515257409297
"742";-1,33537136041822
"743";1,28277520617769
"744";0,690795904173712
"745";-0,967062667858309
"746";-1,34579368502011
"747";1,03366538931573
"748";-0,811776459663054
"749";1,80172547861817
"750";1,77154196037941
"751";-1,45469136980239
"752";-0,845654312575637
"753";-1,25047965932418
"754";0,667288067904176
"755";-1,29076968763763
"756";-2,03500353846891
"757";2,02134699449252
"758";1,00597348761217
"759";0,817123601225002
"760";-0,663988283577244
"761";-0,0112812312503971
"762";0,619677256209794
"763";-1,2812387419642
"764";-0,124261326376048
"765";0,175741654501771
"766";1,69277379447271
"767";0,642132717206933
"768";1,28223303234921
"769";0,140546973547383
"770";-1,11250268318057
"771";-0,339676971961898
"772";-1,66476463926247
"773";0,928851761720271
"774";1,41682683471578
"775";-0,0627207776270142
"776";-0,980902336097871
"777";1,08715025123701
"778";0,139327026560686
"779";-0,386272097673785
"780";1,12358542318002
"781";-0,759845657357593
"782";1,14895910322903
"783";-0,84247625893675
"784";0,391413340392769
"785";0,891377242318638
"786";-1,33525871255432
"787";0,398123477834933
"788";-0,111586802948826
"789";0,675743916642286
"790";-0,788597935379218
"791";-0,0869863340574937
"792";1,38228400775579
"793";0,168490163808026
"794";0,823190948275118
"795";-0,220894597616442
"796";-1,02939165471471
"797";-0,0109256908471287
"798";-1,22499115544077
"799";-2,59611138844997
"800";1,16912259199149
"801";-1,08690881697743
"802";-1,82608301264641
"803";0,995281807292567
"804";-0,0118617814307389
"805";-0,599628394751609
"806";-0,177947986602105
"807";-0,425981341802302
"808";0,996658776455071
"809";0,727660708501531
"810";-1,72663059586351
"811";0,35339849564175
"812";0,726813665899557
"813";0,668260975976705
"814";-2,42431730928421
"815";-0,235357425015276
"816";1,97963332091796
"817";0,796794538639531
"818";-1,70927618064586
"819";-1,66366871188344
"820";0,49110955231555
"821";-0,174055485572285
"822";0,961290563877483
"823";0,293826661677307
"824";0,0809993635091707
"825";0,183661842799281
"826";0,16625503539133
"827";-1,26959906621425
"828";2,34949332061946
"829";-1,41200540742533
"830";-0,0169614927822389
"831";-0,544319352621665
"832";1,80011233335541
"833";1,01144017617923
"834";-0,563716555906629
"835";0,205420795375023
"836";1,16546195019875
"837";2,2363228395069
"838";0,302265076168852
"839";-1,04250660223103
"840";-0,983542313495811
"841";2,00571858043419
"842";-2,07057148385748
"843";3,05574236888186
"844";-0,2613505940873
"845";-0,45439325911372
"846";0,157560555463951
"847";0,933388727865257
"848";0,302828275834352
"849";-1,95615022247248
"850";0,353536709469366
"851";0,450424513742423
"852";0,659550870534498
"853";-1,03142072760739
"854";-2,37102288136148
"855";-0,324576307824521
"856";-0,94429875090974
"857";-0,765889998443101
"858";-0,953779266719918
"859";-0,398004449854522
"860";-0,311217062923606
"861";0,796092713239834
"862";0,986428343875779
"863";-0,794531662417426
"864";-0,308817971515212
"865";0,361444766025588
"866";1,39879110483802
"867";-0,0560704196424014
"868";-1,69887349155411
"869";0,231852545141301
"870";-0,119090670970556
"871";1,77249285346043
"872";0,343422165443603
"873";-0,623049782354728
"874";-0,439522293828527
"875";-0,505296789545481
"876";0,186035137157474
"877";0,176417797599477
"878";0,915848206824781
"879";0,320176726180939
"880";-0,36668729712132
"881";-0,940611295179737
"882";0,634702931419534
"883";-0,0624884823283309
"884";0,182837867691791
"885";1,10364101842281
"886";1,75203561864876
"887";-0,953816460135553
"888";1,64408045682029
"889";-0,866733529450919
"890";0,266352192194765
"891";0,222370494855364
"892";-0,276908509892329
"893";1,39425304101804
"894";-0,658911999778006
"895";0,660531280513291
"896";-0,0132557001432984
"897";-0,931480298730843
"898";1,21468914346638
"899";-2,08834036550883
"900";-0,526152469412621
"901";-1,54140256690726
"902";0,194321069901269
"903";0,264422549440984
"904";-1,11873516870975
"905";0,650952956147074
"906";-1,032900238582
"907";0,659201499417982
"908";0,237829399627714
"909";0,71527594710452
"910";-0,93848303919385
"911";0,0953540096781045
"912";-0,462819419956343
"913";-1,46888215609457
"914";0,152686505521528
"915";1,77376261131718
"916";-0,648070933515048
"917";-0,199817475668204
"918";0,689243732977183
"919";0,0361455098365949
"920";1,94353631225286
"921";0,737213733789873
"922";2,32133393302204
"923";0,34890934629397
"924";-1,13391666127592
"925";0,421335267904323
"926";-0,924556256814186
"927";-1,00706236611934
"928";-0,189474330103611
"929";0,9339167001786
"930";0,343909999577983
"931";0,814020276463554
"932";0,915341002280603
"933";-0,171852130422256
"934";-2,40223111360906
"935";0,795906851730836
"936";2,16911586935979
"937";0,0583834994596872
"938";-1,35491444952768
"939";-0,36755076555405
"940";-0,934517579155246
"941";-0,0416392200716165
"942";0,676112005556641
"943";0,86643614680554
"944";0,235175024813313
"945";-0,933970133276432
"946";0,813252167281602
"947";1,34831855513005
"948";2,25188277593107
"949";-0,493652434465923
"950";0,474092599152496
"951";1,19369166611409
"952";-0,116395471522116
"953";0,524858555768479
"954";0,214421481278423
"955";-0,134449534536861
"956";0,168509102875034
"957";0,964732769529999
"958";0,408778914004396
"959";-0,466438215174507
"960";-2,23978297582177
"961";-0,795063185124836
"962";-0,0199551173436351
"963";-2,51442512196431
"964";2,21095203169735
"965";-1,48876222991277
"966";-1,16075187561923
"967";1,45773822495573
"968";-2,18987594871999
"969";0,739062681128372
"970";-0,344008768542759
"971";0,455876741511694
"972";0,878110262544797
"973";-0,958463922912324
"974";-0,70584484574861
"975";-2,99694930322778
"976";-0,961052324044844
"977";0,380188253916704
"978";0,505067589582035
"979";2,02705600379976
"980";0,0646270287396298
"981";0,463658648401867
"982";0,0747783326935444
"983";-0,48683623583544
"984";0,748910820862606
"985";0,464234580889638
"986";0,129420458393473
"987";-0,815460651610283
"988";-0,0401504517354262
"989";0,781416977680249
"990";0,676452747462629
"991";-0,482652525567947
"992";-0,669113467963509
"993";0,512801321922257
"994";1,04890992895349
"995";0,121058163102937
"996";-0,313292885379532
"997";-0,88067073001145
"998";-0,419286891272189
"999";-1,4827516780218
"1000";-0,697318199400121
"1001";-0,865034911341807
"1002";-0,888068154963052
"1003";-2,87077763360534
"1004";-1,78926841492716
"1005";-1,93060435262554
"1006";-3,66264885284192
"1007";-1,18916001982277
"1008";-3,91234579604708
"1009";-3,24675342879504
"1010";-1,00184555494269
"1011";-2,54087274451426
"1012";-2,21637579078025
"1013";-3,62193729284198
"1014";-3,45096396539936
"1015";-1,64909026931218
"1016";-2,17454692873122
"1017";-2,59142847021616
"1018";-3,33402726089608
"1019";-3,09729850119228
"1020";0,0361036093643201
"1021";-2,32648959337483
"1022";-1,22599478797852
"1023";-1,21499359932072
"1024";-1,23675391965411
"1025";-1,70519124043496
"1026";-3,25235592417266
"1027";-3,00950375276966
"1028";-1,24860880545407
"1029";-3,30835351258276
"1030";-1,47245990293635
"1031";-2,53353957357734
"1032";-2,39837601409364
"1033";-2,78956945049483
"1034";-2,23014113627055
"1035";-1,1228151583482
"1036";-1,54626682245883
"1037";-2,23246414772341
"1038";-1,12999447530972
"1039";-0,343996265853176
"1040";-2,00636892891484
"1041";-1,52951054689224
"1042";-1,72178135093526
"1043";-2,97790294101811
"1044";-2,92658614214595
"1045";-0,0802295373788018
"1046";-1,11872221222382
"1047";-1,25791822807352
"1048";-1,85242659595057
"1049";-1,51461143500773
"1050";-1,84814396045402
"1051";-1,95800124591273
"1052";-1,77657768805695
"1053";-3,01046508600421
"1054";0,401222101971221
"1055";-1,19803820972912
"1056";-2,25120795895565
"1057";-0,787110629170765
"1058";-2,62725808600488
"1059";-0,288841492524144
"1060";-2,39437355302276
"1061";-4,32149085645191
"1062";-0,63588080460043
"1063";-0,867770867271246
"1064";-2,77431631935871
"1065";-3,41037496599359
"1066";-3,83452758069664
"1067";-2,26901353793043
"1068";-3,83392857727967
"1069";-2,81446801877498
"1070";-1,83642787762138
"1071";-1,1444807779496
"1072";-2,81996312687974
"1073";-2,12360275997568
"1074";-1,74505176395857
"1075";-0,281073661762677
"1076";-2,95854352752712
"1077";-3,60431026176048
"1078";-3,8456094217108
"1079";-1,44426281471023
"1080";-2,06011919135037
"1081";-1,22791369560687
"1082";-2,14083938715735
"1083";-1,60690607448574
"1084";-1,77578142584055
"1085";-1,97645801483142
"1086";-2,62296265976479
"1087";-0,73799061937361
"1088";-2,40577404277577
"1089";-1,33323622855752
"1090";-1,83536084546987
"1091";-0,21847552521283
"1092";-1,28878603567612
"1093";-2,33769115586237
"1094";-2,00914895226735
"1095";-2,12530920841343
"1096";-4,0908460969723
"1097";-0,302606105179315
"1098";-0,93611884551249
"1099";-2,76661663622527
"1100";-1,61799244082962
"1101";-1,75810409639301
"1102";-3,13275941105242
"1103";-0,510092586346772
"1104";-2,24824710496897
"1105";-1,81641629205655
"1106";-1,59512899056025
"1107";-2,99412446930942
"1108";-3,08542932956727
"1109";-2,04854255452972
"1110";-1,42391439948779
"1111";-1,92616946815539
"1112";-1,29405442869778
"1113";-1,66501989660865
"1114";-1,45461219407538
"1115";-3,40290590594127
"1116";-1,32294610905612
"1117";-2,78980044614291
"1118";-2,4657288894341
"1119";-2,10485206523479
"1120";-3,64785108730534
"1121";-2,09953695197136
"1122";-2,4398576368432
"1123";-2,71851145193846
"1124";-2,55459759633491
"1125";-0,754510823248574
"1126";-3,2589213509611
"1127";-2,21538448142802
"1128";-4,47196171011946
"1129";-2,67416932010607
"1130";-2,50129718542992
"1131";-0,457674212047969
"1132";-2,96201806523676
"1133";-2,87217953644141
"1134";-3,39762961790436
"1135";-1,82019483318359
"1136";-0,845908012212664
"1137";-3,19853361008649
"1138";-2,42572440147402
"1139";-0,633691391152495
"1140";-2,68429739465866
"1141";-1,31448779162372
"1142";-1,61049645718626
"1143";-3,3053959238053
"1144";-0,783111988898875
"1145";-1,20482598172769
"1146";-2,4882025094258
"1147";-2,90399345463016
"1148";-2,39041841808693
"1149";-1,18593658485459
"1150";-2,56424928018343
"1151";-3,87420531876932
"1152";-2,1429047109211
"1153";-1,22809599025766
"1154";-3,15911793016754
"1155";-2,23791552767034
"1156";-3,22219332602225
"1157";-1,88319378707436
"1158";-2,13249962801352
"1159";-2,03368477603763
"1160";-2,62232641822747
"1161";-2,70936346155293
"1162";-1,12855458559125
"1163";-1,89486198096283
"1164";-2,18693526757386
"1165";-5,21318853242083
"1166";-3,27561870316385
"1167";-1,23709368211362
"1168";-2,40681514344281
"1169";-3,20831778388061
"1170";-2,43932265687835
"1171";-2,37558074594298
"1172";-2,50144239514671
"1173";-1,50338742422125
"1174";-0,479119061771071
"1175";-1,01190817218864
"1176";-0,753877466028928
"1177";-2,32986732749848
"1178";-1,15565528601106
"1179";-2,98107575524632
"1180";-2,13922140511746
"1181";0,185437906473497
"1182";-2,01282800987861
"1183";-2,30530892597069
"1184";-2,58421346065231
"1185";-1,22873149812734
"1186";0,106189361761795
"1187";-1,58784296315296
"1188";-2,26126487809396
"1189";0,0737836460036898
"1190";-2,77883022344094
"1191";-0,868467486719095
"1192";-2,42134512808365
"1193";-3,02174737001973
"1194";-0,781694621253221
"1195";-3,79976067489539
"1196";-2,30824993835072
"1197";-1,98448475665126
"1198";-2,44231771866693
"1199";-3,63800773288119
"1200";-2,64140115618285
"1201";-3,55703574445065
"1202";-0,0768363470371207
"1203";-3,85682962839986
"1204";-4,10611843559503
"1205";-1,30235147305565
"1206";-1,09255559227167
"1207";-2,19598819888402
"1208";-2,2068204879556
"1209";-1,2749568295249
"1210";-0,601281044568198
"1211";-3,59055514942723
"1212";-0,695502923360275
"1213";-1,80398826630235
"1214";-2,3393434454857
"1215";-0,734855859856225
"1216";-1,06022631492656
"1217";-0,722047514063778
"1218";-2,2911601436348
"1219";-1,22382755031843
"1220";-1,70427436678881
"1221";-2,51719955478142
"1222";-0,242766975660321
"1223";-1,83827318114488
"1224";-2,05468437583813
"1225";-1,47102839933117
"1226";-1,61026547874439
"1227";-2,70577141484355
"1228";-2,05317847509243
"1229";0,606444488785647
"1230";-2,07259310478327
"1231";-2,29627189143033
"1232";-1,265669663938
"1233";-1,59851925356341
"1234";-2,53830107603973
"1235";-3,08272281091707
"1236";-1,15219859249588
"1237";-1,88115498499319
"1238";-1,51775277722384
"1239";-2,29132480472412
"1240";-3,65211027147727
"1241";-1,93090540172412
"1242";0,390576699961853
"1243";-3,46177168630104
"1244";-2,98480629274773
"1245";-3,33605374450295
"1246";-2,36513161173305
"1247";-0,618545752020325
"1248";-2,15331725575418
"1249";-2,2555716342399
"1250";-3,28862710359708
"1251";-1,93473358299931
"1252";-0,964673578579106
"1253";0,260215791860225
"1254";-0,685303724684633
"1255";-2,87002334568706
"1256";-2,50313003538509
"1257";-1,39254444474413
"1258";-2,01004141625457
"1259";-1,72466970038124
"1260";-3,31229878337135
"1261";-2,42652986734355
"1262";-2,9264042476799
"1263";-2,92855792461124
"1264";-2,7189006022221
"1265";-2,41479056951811
"1266";-2,00566789314053
"1267";-1,36655108050515
"1268";-2,50918077365596
"1269";-2,85700861932873
"1270";-0,383832423187142
"1271";-1,00613359316167
"1272";-1,3031541405942
"1273";-0,300029327034599
"1274";-2,97774194526268
"1275";0,0488175819593413
"1276";-0,773550675839426
"1277";-1,6929769880224
"1278";-1,37566701607334
"1279";-1,93865855754898
"1280";-2,11082579142895
"1281";-3,5762335600693
"1282";-1,25741015418135
"1283";0,142323398105645
"1284";0,0897729566731607
"1285";-1,83020567287248
"1286";-2,10787778892105
"1287";-1,81800550542068
"1288";-0,854071821675706
"1289";-0,522701177397592
"1290";-1,59205584746598
"1291";-0,885721264785941
"1292";-2,02707584399356
"1293";-1,50227779665272
"1294";-0,814359986365129
"1295";1,63957362674029
"1296";-2,05400259559406
"1297";-2,66814731688662
"1298";-1,55419204258466
"1299";-2,40582524636378
"1300";-1,36471685547843
"1301";-1,65875160086546
"1302";-0,683832836960324
"1303";-2,95977648366136
"1304";-3,20557521138083
"1305";-0,432426941785355
"1306";-1,77471420020893
"1307";-2,92241065744061
"1308";-3,07377241040219
"1309";-2,55235828556239
"1310";-1,40953859886301
"1311";-2,52727541072492
"1312";-0,658153836236135
"1313";-1,75615537151341
"1314";-1,80411921060569
"1315";-2,01551972862623
"1316";-2,29757732815178
"1317";-2,16767914706144
"1318";-0,84352142006348
"1319";-3,33876400921732
"1320";-0,913231224741817
"1321";-2,35068419669926
"1322";-1,2652767554491
"1323";-2,05841448378375
"1324";-3,34581290425275
"1325";-1,65309473072218
"1326";-2,63840464698422
"1327";-0,875607645481321
"1328";-2,82773303081489
"1329";-3,78778013751545
"1330";-2,85401000256427
"1331";-2,57202272235635
"1332";-2,82593067870916
"1333";-2,23758409404646
"1334";-2,59532649610771
"1335";-2,4107421947596
"1336";-1,67200856159135
"1337";-3,1636466116897
"1338";-1,23982233497759
"1339";-2,00255583605039
"1340";-2,038227770915
"1341";-4,03623741998002
"1342";-2,30122907943656
"1343";-2,55564610443147
"1344";-1,15270458428471
"1345";-0,609179488957408
"1346";-0,768753784750181
"1347";-3,11333746215215
"1348";-2,79605389266357
"1349";-2,08951987714672
"1350";-3,05965688786145
"1351";-3,60431219398007
"1352";-1,20864933397477
"1353";-1,93184347194102
"1354";-1,38560400027191
"1355";-3,20306775282719
"1356";-2,34045483536063
"1357";-3,17124863442311
"1358";-2,82941476763515
"1359";-1,77078795819495
"1360";-2,81499291828274
"1361";-2,99344551461345
"1362";-3,30616845900918
"1363";-3,43422177150788
"1364";-2,86284793323667
"1365";-0,296200796185845
"1366";-2,65563259647397
"1367";-3,11316862562595
"1368";-3,40550544636836
"1369";-2,15064368678764
"1370";-2,39400691242878
"1371";-1,74793068025212
"1372";-2,28270643773196
"1373";-1,13233238746582
"1374";-1,27990887871233
"1375";-0,943930398591475
"1376";-1,75649793962161
"1377";-0,885637337928686
"1378";-2,07655271372488
"1379";-1,06707494604963
"1380";-2,15798173866915
"1381";-2,68150951480261
"1382";-3,22010109142514
"1383";-2,70891299162437
"1384";-2,74867959784145
"1385";-1,42392247385333
"1386";-2,05209946393096
"1387";-2,63033717359548
"1388";-2,89833606551075
"1389";-0,48731412448272
"1390";-2,23674929275461
"1391";-3,2488034215964
"1392";-2,43000933638552
"1393";-1,90670056353229
"1394";-1,16695891128952
"1395";-2,08493247811887
"1396";-1,88814696098774
"1397";-3,03943594284897
"1398";-1,20357718647907
"1399";-1,90009662384204
"1400";-1,26304024680919
"1401";-0,453118665583726
"1402";-1,82107902813662
"1403";-2,28254659164324
"1404";-2,76729877857509
"1405";-2,57640424024312
"1406";-2,91485584000076
"1407";-1,63008903871262
"1408";-3,46768436330169
"1409";-3,74536197840808
"1410";-2,66738180392146
"1411";-0,915720993517934
"1412";-1,87716835856784
"1413";-2,4942493947531
"1414";-1,3304118160855
"1415";-2,35147885333493
"1416";-2,11498040088108
"1417";-1,92701305819868
"1418";-0,911225387447018
"1419";-0,70743126153426
"1420";-0,717488705900941
"1421";-1,02094388170534
"1422";-1,67053021657091
"1423";-0,120364282266497
"1424";0,0428990310513564
"1425";-0,671423627379852
"1426";-2,21966864373657
"1427";-3,0400474315513
"1428";-1,80705021729087
"1429";-2,55523625187924
"1430";-1,72500911014864
"1431";-2,55051340508595
"1432";-1,07874010690651
"1433";0,189455992372447
"1434";-1,03600520991752
"1435";-1,25818152372734
"1436";-1,96264343504053
"1437";0,180833686234728
"1438";-2,07958520350747
"1439";-0,623704971176386
"1440";-0,424683323209285
"1441";-1,83962302159205
"1442";-5,25322007290293
"1443";-2,3299304873137
"1444";-1,54291017433741
"1445";-3,30410375743438
"1446";-3,29117343884522
"1447";-1,09362026833127
"1448";-4,79596149521123
"1449";-1,7664394286797
"1450";-2,26903593864916
"1451";-2,65854505501714
"1452";-1,93665420692942
"1453";-1,94552316093501
"1454";-1,75299067656336
"1455";-1,87596445209424
"1456";-2,53525669960761
"1457";-1,74151740861404
"1458";-0,612291132042448
"1459";-1,33282955370032
"1460";-0,502950547919311
"1461";-2,27488040344371
"1462";-1,41692415662927
"1463";-1,49664147371818
"1464";-2,74324768197525
"1465";-2,81687758545386
"1466";-0,12971631893803
"1467";-2,82725304404626
"1468";-1,04928730641572
"1469";-2,2661723510607
"1470";-3,0990821816966
"1471";-3,53421754307361
"1472";-3,20630985963392
"1473";-3,95002527285931
"1474";-2,88404002963182
"1475";-1,0265940147984
"1476";-2,58097131583548
"1477";-0,263232618487963
"1478";-2,17267531815322
"1479";-2,93799253174906
"1480";-2,28459365979305
"1481";-2,58901810166696
"1482";-2,44393142602891
"1483";-1,94000342653077
"1484";-1,91776705113479
"1485";-1,24160247631283
"1486";-1,46033700909666
"1487";-1,22335235346751
"1488";-1,86782833532556
"1489";-2,80686529979074
"1490";-1,55064991421341
"1491";-1,58735854316685
"1492";-2,40361404911199
"1493";-2,38808827747742
"1494";-0,90481225215971
"1495";-0,659519956946868
"1496";-1,88559445332435
"1497";-2,39226462028162
"1498";-0,347642156802459
"1499";-3,24369760877461
"1500";-2,91192587077956
"1501";-1,14995652810606
"1502";-2,92531299509925
"1503";-1,10641878555879
"1504";-2,94100973781187
"1505";-1,46104790589845
"1506";-2,18197439810534
"1507";-1,10823240503488
"1508";-0,670791794765087
"1509";-2,10346612520648
"1510";-1,38493538927768
"1511";-3,7997723953362
"1512";-2,26270514164301
"1513";-3,21014187687842
"1514";-1,79552274744913
"1515";-2,01399410451191
"1516";-2,23520083981889
"1517";-2,18831865423795
"1518";-1,0487169311595
"1519";-2,15401478597349
"1520";-0,145755495248143
"1521";-3,90416735438949
"1522";-1,64070029809954
"1523";0,114534946209701
"1524";-3,13574898684316
"1525";-2,79625598578434
"1526";-2,39756945015075
"1527";-1,90827595845442
"1528";-2,23869407413528
"1529";-2,46196236369939
"1530";-0,0736593926503963
"1531";-1,87794518517737
"1532";-0,907949423493713
"1533";-4,97225747544741
"1534";-0,871510949034723
"1535";-0,687999870986369
"1536";-2,48260797306504
"1537";-2,22485899665382
"1538";-0,332234689120631
"1539";-1,95878146768339
"1540";-0,961825154448612
"1541";-1,41235706665775
"1542";-2,15829957714563
"1543";-2,29208541489158
"1544";-3,41989896333921
"1545";-4,13831802520848
"1546";-2,0225001049026
"1547";-1,73022904637506
"1548";-2,50296939903104
"1549";-1,36919260963229
"1550";-1,52543479158345
"1551";-2,34065906157644
"1552";-1,95039844047785
"1553";-0,704736809139905
"1554";-1,68537579504169
"1555";-1,19842749629767
"1556";-1,51394110376754
"1557";-0,274438943349171
"1558";-1,8975671392492
"1559";-2,98983707493934
"1560";-2,46044120899889
"1561";-1,76233850802841
"1562";-2,26939726417091
"1563";-2,16955406965664
"1564";-1,33513102673339
"1565";-2,77555091520535
"1566";-3,91926113102924
"1567";0,0193325396333766
"1568";-1,56478948513098
"1569";-0,949831167845149
"1570";-2,3121148406504
"1571";-1,90638238269545
"1572";-4,15318775058657
"1573";-1,64200692897351
"1574";-1,53213518867052
"1575";-2,90668883487634
"1576";-2,52934991552675
"1577";-0,656423283144854
"1578";-1,53056594337652
"1579";-2,25310508775042
"1580";-1,63089628467157
"1581";-3,34670719045078
"1582";-0,8280645743794
"1583";-3,9087363449263
"1584";-3,00439081062399
"1585";-1,32331248634089
"1586";-0,847678255782977
"1587";-3,73275991756331
"1588";-1,39869114341394
"1589";-1,6583496859255
"1590";-2,03528100906572
"1591";-2,62616501979573
"1592";-2,85597120974608
"1593";-1,84822215802621
"1594";-0,793627306153865
"1595";-3,48857788320267
"1596";-3,05037412306876
"1597";-0,362125883091412
"1598";-3,20733418120328
"1599";-4,62615508460276
"1600";-1,98253673384898
"1601";-1,65580597263174
"1602";-1,98728016266787
"1603";-2,87345013318896
"1604";-1,65719971565878
"1605";-2,17738775428248
"1606";-1,07856674540939
"1607";-1,69905559779046
"1608";-1,3066132472902
"1609";-1,67452809372123
"1610";-1,59194897727113
"1611";-1,24015774410899
"1612";-4,28715352045041
"1613";-1,48216173841154
"1614";-3,34723625828609
"1615";-1,63684014113167
"1616";-0,685247435341729
"1617";-2,44830591090779
"1618";-2,80816446825925
"1619";-2,08626849903958
"1620";-0,414575727479161
"1621";-1,89894255181331
"1622";-1,85123778834703
"1623";-2,54643466814404
"1624";-2,52767558726412
"1625";-2,13987155949205
"1626";-3,58941141444985
"1627";-0,765895834312326
"1628";-2,3354548483321
"1629";-4,00100250680987
"1630";-2,01745840273837
"1631";-2,24096689584361
"1632";-3,79198939892252
"1633";0,0496915112270075
"1634";-3,11721761151088
"1635";-3,35354954481764
"1636";-1,54869768896908
"1637";-0,966772575149502
"1638";-2,19588569511389
"1639";-1,77268961321925
"1640";-3,10219974998749
"1641";-1,04472263145865
"1642";-1,68716955408749
"1643";-1,89899428680087
"1644";-1,25188458570976
"1645";-1,00103910520639
"1646";-2,73251530901316
"1647";-1,51910475988921
"1648";-2,98945030825736
"1649";0,22955904834575
"1650";-1,54326340041113
"1651";-2,03581544358466
"1652";-2,49044270641976
"1653";-2,22056661118082
"1654";-3,10120936078499
"1655";-1,93652952864295
"1656";-1,41647406691286
"1657";-2,51335884619476
"1658";-2,81255212192759
"1659";-3,62931990551456
"1660";-1,43109429348823
"1661";-1,66621669329504
"1662";-2,21132255936895
"1663";-2,55109793039924
"1664";-1,74163887105887
"1665";-3,375210446411
"1666";-3,4727541491027
"1667";-3,44520967284587
"1668";-2,36128842462117
"1669";-1,20929003526937
"1670";-1,28534215367601
"1671";-2,56515351729801
"1672";-0,581985696570878
"1673";-3,14575678099
"1674";-2,49281782295238
"1675";-2,73305227365599
"1676";-1,84076791964547
"1677";-3,75119295921948
"1678";-0,815169132947553
"1679";-0,792968398979233
"1680";-1,0223506734695
"1681";-2,08199174404319
"1682";-0,843736577402106
"1683";-1,51320366324749
"1684";-1,04115133720494
"1685";-1,82220762881122
"1686";-1,70774911896594
"1687";-4,11334068465336
"1688";-2,53804791082109
"1689";-0,98597441524683
"1690";-1,89873035852615
"1691";-3,21870737154808
"1692";-2,95837679279115
"1693";-2,55579748460598
"1694";0,121875911643286
"1695";-2,17958998756095
"1696";-2,64473540824274
"1697";-4,09258377175654
"1698";-3,90187083769886
"1699";-0,777749723678407
"1700";-2,85122044138016
"1701";-0,378797117042428
"1702";-2,32910280196452
"1703";-4,32640952744011
"1704";0,192997999536504
"1705";-3,08247997639693
"1706";-2,50636096736006
"1707";-1,90408104316696
"1708";-2,12016525794156
"1709";-3,51866762967456
"1710";-3,51058506284295
"1711";-0,604395071769703
"1712";-2,70842194407996
"1713";-1,17206164689001
"1714";-0,292244162786429
"1715";-2,77916655687157
"1716";-2,70689906867198
"1717";-3,99290251051536
"1718";-0,100123467089072
"1719";-2,75620693587266
"1720";-2,37795577972422
"1721";-3,36395480148574
"1722";-1,25804184069239
"1723";-0,389024003986174
"1724";-1,77261255310467
"1725";-2,40051567391736
"1726";-3,66958039964306
"1727";-0,5092989026979
"1728";-1,3085125668016
"1729";-2,0409774766648
"1730";-0,795655147321584
"1731";-0,701485036429658
"1732";-2,46221702075992
"1733";-3,22577374782218
"1734";-1,03673324589424
"1735";-1,30678877203912
"1736";-2,50139316592614
"1737";1,15397141698372
"1738";-4,54910689501694
"1739";-2,00813808482909
"1740";-0,861219359028701
"1741";-0,517653532053589
"1742";-1,02415499103617
"1743";-1,85164970671678
"1744";-1,21109124269228
"1745";-1,44241878029229
"1746";-2,02739439304291
"1747";-2,87707495880024
"1748";-0,783756529271596
"1749";-2,35124981227492
"1750";-2,29439311737354
"1751";-1,74686219054104
"1752";-1,98850201417355
"1753";-3,97578396222506
"1754";-2,42632672386157
"1755";-1,38769743988984
"1756";-0,769185891164296
"1757";-3,27080780802968
"1758";-2,6505556635036
"1759";-4,44316623718536
"1760";-1,00345140548153
"1761";-1,994886471591
"1762";-1,20897523616227
"1763";-2,56319153679114
"1764";-1,7861737973011
"1765";-1,02291733589778
"1766";-2,23416110263582
"1767";-1,15133944604523
"1768";-1,34602910943465
"1769";-3,59057002627388
"1770";-1,69057686708609
"1771";-4,4859821898856
"1772";-2,27843910729611
"1773";-2,55243375933354
"1774";-1,12395792720973
"1775";-1,7065163055585
"1776";-2,5972220468719
"1777";-2,15720360330755
"1778";-1,81581493972164
"1779";-3,01303201429879
"1780";-2,67984340473983
"1781";-3,24269361449976
"1782";-3,53501873647929
"1783";-2,52454001311041
"1784";-2,01852738545817
"1785";-3,56814717115897
"1786";-1,53214832580461
"1787";-2,66782886398145
"1788";-1,68891764041248
"1789";-1,85744899583146
"1790";-2,37403472073081
"1791";-3,94492637603576
"1792";-3,59768131407039
"1793";-4,54065786097916
"1794";-0,637952750459034
"1795";-2,36066600335183
"1796";-0,0636026891359149
"1797";-3,45588379753146
"1798";-0,518094291702721
"1799";-0,923880363952102
"1800";-2,75748840136597
"1801";-1,28591445556757
"1802";-1,4186153707671
"1803";-2,14672390242603
"1804";-0,493018222548712
"1805";-2,27953264324518
"1806";0,0277387332987082
"1807";-3,19574019582924
"1808";-0,687682108326215
"1809";-2,52400751277112
"1810";-1,6457504908587
"1811";-2,07167448768249
"1812";-2,13314430628503
"1813";-2,0880773843693
"1814";-1,08221106868936
"1815";-1,96856073563025
"1816";-0,641069417872137
"1817";-1,8865051549008
"1818";-1,82569345365991
"1819";-2,05348040468485
"1820";-2,42475803404315
"1821";-1,79208844790008
"1822";-1,00707708221088
"1823";-1,18614211154869
"1824";-1,00399441616649
"1825";-0,267255729080322
"1826";-1,64295796556828
"1827";-1,84427366541785
"1828";-0,447211343737538
"1829";-2,06406961784553
"1830";-3,00821875816368
"1831";-2,89289552365704
"1832";-2,65451462122015
"1833";-3,4337828285212
"1834";-0,581815646801729
"1835";-2,59388566529333
"1836";-0,881028201957817
"1837";0,384081563291129
"1838";-2,40328649415479
"1839";-1,62989144155625
"1840";-2,57529301373441
"1841";0,919228807149487
"1842";-3,07891478952188
"1843";-0,821508670719521
"1844";-1,13039722682097
"1845";-1,06883369020149
"1846";-0,975318772400975
"1847";-1,38702494389503
"1848";-1,39180991852168
"1849";-2,89289171023974
"1850";-1,54796439368293
"1851";-2,37471230702174
"1852";0,84018514503792
"1853";-1,26760654676496
"1854";-1,15948107175397
"1855";-4,2196521173488
"1856";-3,3274637820721
"1857";-2,97666069814514
"1858";-2,58707587202957
"1859";-2,56801281527594
"1860";-1,35635904327379
"1861";-2,23730710755619
"1862";-2,29857802570669
"1863";-0,810437440770265
"1864";-4,10894120385805
"1865";-2,07328200399546
"1866";-1,13659713072627
"1867";-0,925292538549128
"1868";-2,205852630216
"1869";-2,43361383245807
"1870";-2,18222378440814
"1871";-2,43107867297846
"1872";-2,42460961043192
"1873";-3,3538196764308
"1874";-2,19659494898222
"1875";-1,76588386319265
"1876";-2,55720629401911
"1877";-3,11332527493423
"1878";-3,63063542586023
"1879";-2,38782388146072
"1880";-0,277367983364381
"1881";-2,55850030016084
"1882";-2,63666084608729
"1883";0,781387133855858
"1884";-3,95725587639345
"1885";-1,857472103641
"1886";-1,33550120107638
"1887";-2,47862749248492
"1888";-0,816310416878026
"1889";-1,19456270867759
"1890";-1,94668224209965
"1891";-3,1673464152494
"1892";-1,67664984413248
"1893";-2,32078302243415
"1894";-2,88595026410111
"1895";-1,84872182816196
"1896";-1,42063652795456
"1897";-2,07916682617647
"1898";-1,15123236469484
"1899";-4,51103348713237
"1900";-1,26152288562262
"1901";-2,57099428531218
"1902";-1,713460983638
"1903";-0,852380144112588
"1904";-1,86044129792692
"1905";-1,91107339120124
"1906";-4,63015931699317
"1907";-3,21722083212186
"1908";-1,25084742114982
"1909";-3,41593292411236
"1910";-2,11238266183767
"1911";-1,6959679939571
"1912";-2,35401280494805
"1913";-2,85124248952945
"1914";-3,46117307516936
"1915";-1,73574815378613
"1916";-3,90735794401727
"1917";-2,92523126623066
"1918";-2,11157129294476
"1919";-2,96523442543268
"1920";-2,16289892385337
"1921";-1,1398159450557
"1922";-1,98190122502269
"1923";-1,86273754416349
"1924";-0,401113928752024
"1925";-2,11130084868045
"1926";-1,71454412643389
"1927";-3,98390989606672
"1928";-1,96925978189263
"1929";-2,76000488626219
"1930";-3,22401321751577
"1931";-0,99763334746862
"1932";-2,02154142285884
"1933";-1,05467866071577
"1934";-2,90849121619721
"1935";-4,40220222687674
"1936";-1,83706195247317
"1937";-1,05679106936544
"1938";0,544604860231112
"1939";-1,11280906650665
"1940";-0,939563233514087
"1941";-2,61574788900087
"1942";-1,64714511858347
"1943";-2,47532812830848
"1944";-1,57794363018632
"1945";-3,1835591542214
"1946";-2,38374958349209
"1947";-3,45966580569284
"1948";-1,95422677553506
"1949";-1,54754388616885
"1950";-1,94243412962354
"1951";-2,63869385314868
"1952";-2,23868131830546
"1953";-3,64290262156884
"1954";-2,22257457095662
"1955";-3,77556845073388
"1956";-2,01546590278492
"1957";-0,248953125541097
"1958";-1,29579349445002
"1959";-0,51898067578284
"1960";-0,647112087840777
"1961";-2,3299578356677
"1962";-1,63650125948673
"1963";-3,82766273311387
"1964";-1,10622225594747
"1965";-2,71912493425843
"1966";-1,05949048017356
"1967";-3,87115759094389
"1968";-0,852997282819504
"1969";-2,50299109487073
"1970";-0,574101631667969
"1971";-2,01933995557085
"1972";-2,6380737264197
"1973";-1,50172899960793
"1974";-2,05824673519065
"1975";-2,6262167777752
"1976";-2,89462076076131
"1977";0,410060214944902
"1978";-2,94964725057215
"1979";-1,44084849942997
"1980";-2,21141468967958
"1981";-3,01785480180753
"1982";-3,39019098922727
"1983";-3,48862930913481
"1984";-3,40604463352557
"1985";-3,49623548221371
"1986";-1,31385407589795
"1987";-2,23676163068083
"1988";-0,000857570792037965
"1989";-1,36676131710444
"1990";-0,351802453092208
"1991";-1,49728135661032
"1992";-1,1545325876438
"1993";-1,53275260427077
"1994";-2,40205506369663
"1995";-1,0764732967466
"1996";-2,00805564071178
"1997";-0,966215762385749
"1998";-2,7991269817267
"1999";-0,995766979046664
"2000";-2,31197335619269
"2001";1,11385041463768
"2002";0,0777451037294972
"2003";3,61970074406333
"2004";2,51926990466438
"2005";1,94415006816598
"2006";2,69641761011851
"2007";2,05351567882921
"2008";0,689716502806927
"2009";-0,123066058098005
"2010";1,79192141099235
"2011";1,68721342047964
"2012";0,941764290318765
"2013";2,41722359556646
"2014";1,68454846578415
"2015";2,82554913408199
"2016";3,29127203757818
"2017";1,37489502208362
"2018";1,12485324545076
"2019";2,14335694280806
"2020";3,42518963325776
"2021";0,265250573969599
"2022";1,16259535297757
"2023";1,28424738461006
"2024";2,37482095804266
"2025";4,38332796196972
"2026";1,53608703843818
"2027";1,57349959788138
"2028";0,296904785601795
"2029";0,958502643970149
"2030";2,76873496201223
"2031";1,25467962256364
"2032";1,5135285044922
"2033";1,64696055516133
"2034";1,93769947560115
"2035";3,61961510955958
"2036";3,24621140625639
"2037";4,00858995573927
"2038";0,145580487175925
"2039";1,53728561751052
"2040";3,04310383332729
"2041";1,6961624786282
"2042";2,31808070003799
"2043";1,35125099154918
"2044";0,131095656470193
"2045";0,79300342135454
"2046";3,89725805765655
"2047";1,73841444053325
"2048";3,78798171613724
"2049";2,8673005155776
"2050";2,7025809379042
"2051";3,62353223954902
"2052";0,409841290752257
"2053";1,39000878547743
"2054";1,68671886626466
"2055";1,07787023191352
"2056";1,74351939204366
"2057";-0,0828546372340422
"2058";0,582846020662804
"2059";2,61078100970474
"2060";2,24152079791429
"2061";3,3039648225257
"2062";1,66547142215042
"2063";1,61546010451152
"2064";1,5788317880187
"2065";1,04164476708552
"2066";2,24911630844292
"2067";0,821120630006131
"2068";2,49559328314573
"2069";1,82229569387376
"2070";2,77473393571959
"2071";3,24794637649306
"2072";1,58378324250254
"2073";1,57028206432596
"2074";1,95347477534063
"2075";1,34140845940536
"2076";3,60258407676699
"2077";1,93632795124526
"2078";2,86882763411433
"2079";2,37837548052549
"2080";3,41568816870243
"2081";1,79097324342121
"2082";-0,678044592349626
"2083";2,60918047095619
"2084";0,966359822817614
"2085";2,49739149641744
"2086";1,02610766346699
"2087";1,90552809216589
"2088";1,44602330604539
"2089";1,75424042419282
"2090";1,34521439119284
"2091";1,01619475728603
"2092";2,19640746067212
"2093";0,783473687765554
"2094";1,71495713558065
"2095";1,69965393518509
"2096";1,3613794993824
"2097";3,74284789606923
"2098";0,13059940434558
"2099";2,03118449189908
"2100";0,790885870443788
"2101";0,658949052062247
"2102";1,95429277356773
"2103";4,18799111569512
"2104";3,42209579552564
"2105";2,18324702147649
"2106";1,34706716161904
"2107";4,04255931610422
"2108";1,76550880515963
"2109";1,10857523341371
"2110";0,642529694478087
"2111";1,41597201194549
"2112";3,66809511696324
"2113";3,08574335585037
"2114";2,5575283286187
"2115";0,363167181339838
"2116";1,72846197036788
"2117";3,0917985539091
"2118";1,68624673978697
"2119";1,31797610279739
"2120";2,05208068648698
"2121";1,29070353216041
"2122";1,64529168565368
"2123";4,39503334179611
"2124";2,55100993682266
"2125";3,24878589516192
"2126";2,04947015244577
"2127";1,54445118472957
"2128";2,65788940202739
"2129";0,514532587614856
"2130";3,46918454895137
"2131";1,77823883389583
"2132";-1,02230321365538
"2133";1,13090446041399
"2134";1,58610844506525
"2135";3,98921826495574
"2136";1,92101023248922
"2137";0,516171053173373
"2138";1,71312894868605
"2139";1,09897623098316
"2140";0,425982887603999
"2141";1,33168506847643
"2142";0,143835485921739
"2143";4,68392291802792
"2144";2,27824673558724
"2145";2,62506961668223
"2146";0,848567497914666
"2147";3,29566730742514
"2148";2,52212847338921
"2149";1,06137349958361
"2150";1,89226213772635
"2151";1,60036849165861
"2152";3,28670136272781
"2153";1,83635090032909
"2154";3,08522983690742
"2155";2,72983194527456
"2156";1,70082440603725
"2157";1,95008138612719
"2158";1,13758969437573
"2159";1,50200190104937
"2160";0,604081782923622
"2161";1,57562279089192
"2162";1,63511266954058
"2163";1,78191930176491
"2164";4,49935178789941
"2165";2,14517388983454
"2166";0,522196556754097
"2167";2,9292434867967
"2168";1,71197934473563
"2169";3,40937245611348
"2170";2,05376800122013
"2171";3,60676777835353
"2172";1,98277287640764
"2173";1,45736094944044
"2174";3,9786926597401
"2175";0,633887354768541
"2176";2,42489636147032
"2177";1,02369097852009
"2178";3,19297168388268
"2179";2,44095963024445
"2180";1,57090244051011
"2181";1,62233573389855
"2182";2,88870005776433
"2183";0,934993888855548
"2184";1,2227288026553
"2185";2,40786263410391
"2186";2,75027167348149
"2187";0,284996827425354
"2188";2,19225468686791
"2189";0,838266762089016
"2190";1,35817133552984
"2191";3,31243918737546
"2192";3,001540094408
"2193";1,80647215997384
"2194";1,0668231801424
"2195";2,3103294450571
"2196";3,58332171358656
"2197";2,90614917487655
"2198";2,4011428309565
"2199";2,0756974415288
"2200";3,05948916812251
"2201";2,91693803731112
"2202";2,80927307694385
"2203";1,28837772132253
"2204";-0,689585179036531
"2205";1,43295297459736
"2206";3,29919883255821
"2207";1,80970845544518
"2208";1,36195166630922
"2209";-0,0353838816257896
"2210";1,39562764455292
"2211";1,19183811092366
"2212";1,39322082151149
"2213";2,08690882050538
"2214";1,76570297060281
"2215";3,26252689567853
"2216";0,436201908333192
"2217";0,506528477216522
"2218";0,902865178048171
"2219";1,97089325211599
"2220";4,17368491956429
"2221";3,36978704873579
"2222";1,62161933851152
"2223";1,22125512367329
"2224";3,26408532917631
"2225";2,30801311704176
"2226";1,58149831047661
"2227";1,96235707042367
"2228";3,18729856637511
"2229";1,89434230615509
"2230";2,2024416522992
"2231";2,78040847427747
"2232";1,45785762046727
"2233";-0,0265321464949877
"2234";1,97832800631921
"2235";3,22228260594031
"2236";1,82631836811542
"2237";2,66401319172726
"2238";1,4521618020872
"2239";1,08255799455806
"2240";2,43710575303305
"2241";1,61503143844843
"2242";2,84237530377816
"2243";2,95301630505638
"2244";1,58936818424661
"2245";2,1008082767632
"2246";2,92075569318404
"2247";3,45959521489172
"2248";1,60315746583379
"2249";1,51691617122259
"2250";1,68378086768395
"2251";3,21000394782544
"2252";1,24701935203832
"2253";1,35073275637295
"2254";1,74575554672035
"2255";0,703630442220625
"2256";1,57534290928455
"2257";1,60084427138027
"2258";2,0598749090245
"2259";2,6806778643598
"2260";3,56942176085768
"2261";2,81130902188698
"2262";0,728732074588526
"2263";3,50467588437595
"2264";2,80698710103806
"2265";2,06457698080259
"2266";3,34405371053338
"2267";2,54189777188444
"2268";1,84593495913363
"2269";1,41766834825201
"2270";2,88658863317803
"2271";-0,211156967939044
"2272";1,84511171890616
"2273";0,872886550536069
"2274";-0,020117035996797
"2275";2,22262700340144
"2276";1,87209687788143
"2277";-0,0240451387735501
"2278";1,72032112081676
"2279";2,42063065998062
"2280";2,64288493687786
"2281";2,29438138269426
"2282";2,71914173245045
"2283";2,19250469931832
"2284";2,36743963595642
"2285";1,88660107829695
"2286";0,963406384457091
"2287";2,25259116349966
"2288";2,92254542259099
"2289";4,27493594555922
"2290";1,5585613317912
"2291";2,01175203266549
"2292";-0,126993079270217
"2293";1,20788543409955
"2294";3,28881808340777
"2295";1,74566347160601
"2296";2,5688857356286
"2297";2,66745033017777
"2298";1,05037570817654
"2299";2,01550867236902
"2300";2,23253240387686
"2301";1,68831083954055
"2302";2,20574905765796
"2303";1,34601307517211
"2304";0,846742292677475
"2305";2,52749091898248
"2306";3,39391910941029
"2307";2,18163055610461
"2308";1,93069847651149
"2309";1,70553461346746
"2310";3,41403033530268
"2311";3,09999772979784
"2312";3,40441124180377
"2313";2,62313227800559
"2314";2,27394289672782
"2315";2,49964579288254
"2316";2,26334148351406
"2317";0,799881722541602
"2318";4,15178194201986
"2319";0,854530398667003
"2320";2,9523056944307
"2321";0,764075967962453
"2322";1,10615364394584
"2323";1,2910890165287
"2324";0,802342932376693
"2325";1,92990965767398
"2326";1,15077057019219
"2327";2,15686335863042
"2328";4,01741510883182
"2329";2,73759262006824
"2330";0,308410776038284
"2331";2,47771659199945
"2332";2,0746825133799
"2333";3,9424313403825
"2334";2,50514738306844
"2335";1,74153842284777
"2336";0,7375284563769
"2337";2,04678963812031
"2338";3,18997076537587
"2339";1,10596883537751
"2340";1,23470869379741
"2341";2,9845250328921
"2342";2,91677184436702
"2343";1,71045534493528
"2344";1,5124892915808
"2345";1,7281673710928
"2346";3,10621753975541
"2347";2,05862324914749
"2348";2,25865621442853
"2349";3,63140558307217
"2350";2,86936859651906
"2351";3,21704441715836
"2352";3,72039730214527
"2353";1,68722257369331
"2354";1,89781529703421
"2355";2,16720447168241
"2356";2,45660743318557
"2357";1,49842524757807
"2358";2,22693997407317
"2359";1,29136687794646
"2360";2,35348739617872
"2361";1,05280246352764
"2362";1,76764699587907
"2363";3,39155568016188
"2364";1,65577671979235
"2365";1,30257801484127
"2366";2,58541344131079
"2367";-0,995102990279426
"2368";2,1019857427368
"2369";2,20675920093
"2370";4,34442622834836
"2371";1,43912091641652
"2372";1,19777862640604
"2373";4,28543282824586
"2374";2,36724335283949
"2375";1,99413404280923
"2376";2,51207721142848
"2377";1,55261577546729
"2378";0,788967557707463
"2379";2,77095382080516
"2380";2,0890088693866
"2381";1,90108240632411
"2382";0,684275239803519
"2383";1,20438340730622
"2384";2,48238075741133
"2385";1,04836978789147
"2386";2,49953659464504
"2387";3,24215347091829
"2388";2,94727982850761
"2389";0,671251197600195
"2390";2,1269567876699
"2391";2,00991538247555
"2392";2,90496191831364
"2393";2,38321648763025
"2394";0,691569957781944
"2395";1,66164061826768
"2396";3,12718846777638
"2397";2,9347299236631
"2398";3,83059590944005
"2399";1,01926734018036
"2400";1,32925497973797
"2401";1,62567107696607
"2402";2,995353828139
"2403";2,10214350882134
"2404";3,48294372773341
"2405";2,56004868285497
"2406";2,14245095892608
"2407";3,82967173315288
"2408";2,51839780051344
"2409";2,69187426192236
"2410";2,02801003582996
"2411";1,83495484933011
"2412";1,27896494879845
"2413";0,718169777291838
"2414";1,77715117917472
"2415";2,02731877970987
"2416";3,82762783344905
"2417";3,17841191437309
"2418";1,64368885507493
"2419";2,93379462989944
"2420";0,91466078788393
"2421";2,11980643627905
"2422";2,47176049974709
"2423";0,302611638035901
"2424";3,19270578079419
"2425";1,31219987746745
"2426";0,189543528328594
"2427";0,757301449110824
"2428";0,0292447934448399
"2429";1,5879633345954
"2430";2,82580406120881
"2431";1,43844122563375
"2432";0,773182716151118
"2433";1,66641603525147
"2434";2,00617451505577
"2435";2,24655948119523
"2436";2,44756791344967
"2437";1,75498206245433
"2438";1,92356660545047
"2439";3,12304950909888
"2440";3,58075036031528
"2441";1,17213867281378
"2442";2,49121165213032
"2443";2,01857697701953
"2444";3,32094818545485
"2445";2,93023073630929
"2446";3,07621614442482
"2447";1,69972938656701
"2448";3,04474062505454
"2449";2,70914111040542
"2450";0,730592536492861
"2451";1,06791426556105
"2452";3,37360719529989
"2453";1,53894715488222
"2454";3,31569612187067
"2455";2,65893471242691
"2456";0,92900914275488
"2457";1,46101357183864
"2458";0,702611853665475
"2459";2,19023348541136
"2460";-1,53958596119488
"2461";3,21139760121623
"2462";2,29088382011186
"2463";2,81477087738074
"2464";1,77765938747625
"2465";3,4348308432557
"2466";2,18960912462258
"2467";1,01841255982735
"2468";1,92169882570608
"2469";2,90074175957545
"2470";0,553895214344208
"2471";1,92852290467837
"2472";1,20385639087087
"2473";0,454560516863849
"2474";4,09620023554288
"2475";2,16734609888043
"2476";2,5140986555463
"2477";2,12539472132899
"2478";0,418752209392725
"2479";2,07304076022074
"2480";3,34769693635681
"2481";3,37539955945697
"2482";1,48291867050604
"2483";3,51582710882422
"2484";3,49912572886303
"2485";2,81457696991844
"2486";3,66564854073976
"2487";3,01496869830099
"2488";2,52715614613815
"2489";0,0550639956553449
"2490";2,68831025749569
"2491";2,07633141789654
"2492";1,16250038064347
"2493";1,84981293859957
"2494";1,00378646737453
"2495";3,21660013338776
"2496";1,82816471051029
"2497";0,666040019431006
"2498";2,14156071985925
"2499";0,708588943952023
"2500";0,667512805701752
"2501";0,1945164443266
"2502";1,32195931838517
"2503";1,52664194879211
"2504";3,0274170786444
"2505";1,40261243124599
"2506";3,15984937728077
"2507";0,66677311950033
"2508";1,0742443382945
"2509";0,925504874690993
"2510";0,548883504700906
"2511";1,41126783613991
"2512";1,88461571312287
"2513";1,27962913117483
"2514";2,00330025734166
"2515";2,9873613404203
"2516";2,9535093887766
"2517";0,291298687668862
"2518";2,29339878509233
"2519";0,850998111172526
"2520";1,82470609980915
"2521";2,03515480195769
"2522";1,33321357202588
"2523";1,18431318292961
"2524";2,12187736848283
"2525";2,06535405516996
"2526";0,273647483616942
"2527";1,06441336954034
"2528";3,29865429816607
"2529";1,41001634821203
"2530";2,55529297852642
"2531";1,80505652389768
"2532";1,31187456260254
"2533";2,08269864450582
"2534";2,16814683195678
"2535";2,80554672882264
"2536";1,78779913095042
"2537";1,14757059811664
"2538";0,703325185214177
"2539";-0,544660945817742
"2540";2,53625801161924
"2541";2,02346566560052
"2542";3,04693098410088
"2543";1,4935951390561
"2544";2,64796197487637
"2545";2,4857187913047
"2546";0,792998487570722
"2547";1,99702979914399
"2548";3,58685976097691
"2549";1,00677574380999
"2550";2,0600225555203
"2551";2,65741452009177
"2552";1,76689204467052
"2553";2,74567867569238
"2554";2,54107790476895
"2555";1,16484091819063
"2556";2,1348118644469
"2557";1,71557894634968
"2558";2,46668491467003
"2559";0,893577407416273
"2560";1,89217805796165
"2561";2,05023773935549
"2562";2,31087906160905
"2563";2,17888748968357
"2564";0,940218942217466
"2565";1,02636547654756
"2566";1,43866348919678
"2567";0,717101340334526
"2568";3,98663776582478
"2569";2,07118473039903
"2570";1,59790597417123
"2571";1,80423424239587
"2572";1,60677822165706
"2573";1,90986439089901
"2574";1,80668810581479
"2575";1,36770376459192
"2576";1,6283160143953
"2577";1,26740812555964
"2578";1,18671212331682
"2579";2,58775219383951
"2580";1,4678765647161
"2581";3,47014135588169
"2582";2,12604606380492
"2583";2,87761525317073
"2584";1,52253545530945
"2585";-0,242931166000688
"2586";2,01561876734752
"2587";3,13216757964278
"2588";1,92459483849472
"2589";1,55628509498086
"2590";2,26007838844202
"2591";2,01334177784673
"2592";1,03611548396088
"2593";3,65730762371294
"2594";1,77493407950264
"2595";0,48142506471859
"2596";0,664416457299491
"2597";2,5295288155233
"2598";3,3932611409182
"2599";3,12662780770316
"2600";1,98864065541707
"2601";2,94033680197113
"2602";2,78785519048435
"2603";2,08694193808339
"2604";2,03280097060432
"2605";3,55285735482629
"2606";-0,404878041713931
"2607";2,16732928488135
"2608";1,59687331859823
"2609";0,254156304055034
"2610";1,30615687856449
"2611";1,86033381932711
"2612";1,54176203061771
"2613";2,9839967781322
"2614";2,6872254734377
"2615";0,889395626684745
"2616";2,54158676794307
"2617";2,78017797844276
"2618";0,807811073627614
"2619";1,75273286189113
"2620";3,65407193138734
"2621";2,50303989515941
"2622";2,91005336701287
"2623";3,75621965936631
"2624";2,127037057543
"2625";2,26596696893616
"2626";3,08003827895066
"2627";2,00936885081227
"2628";2,3842202438253
"2629";1,46702715173812
"2630";1,17745231053676
"2631";1,95334503741388
"2632";1,4371903642948
"2633";2,78689099906648
"2634";1,3524332561865
"2635";1,21996751390159
"2636";1,09847480580164
"2637";3,128544364619
"2638";1,61617319970888
"2639";1,40671941495609
"2640";1,87497410291599
"2641";1,51730772690899
"2642";3,67104539999695
"2643";2,68599729737075
"2644";1,27234638926703
"2645";2,30209104623959
"2646";2,25765620709934
"2647";3,12497562439204
"2648";1,68989354720982
"2649";2,82459188602251
"2650";3,17489290477857
"2651";3,97628793924985
"2652";1,96389820331434
"2653";2,07116826673954
"2654";3,23354622243588
"2655";2,28578336114578
"2656";2,21580160376121
"2657";3,37532043319316
"2658";2,88658108669717
"2659";2,01751479075847
"2660";0,36614075927419
"2661";1,89962853792393
"2662";3,129640049496
"2663";1,4888164097919
"2664";-0,308054919341182
"2665";2,27470747659781
"2666";1,37782513915836
"2667";1,88849117402378
"2668";1,88589537230572
"2669";0,814669747972653
"2670";1,82441560535262
"2671";1,47873623403867
"2672";1,77890485141597
"2673";1,4471221291839
"2674";1,56148995250417
"2675";1,43237948021584
"2676";3,81772287362487
"2677";2,59777662712656
"2678";2,30372290781079
"2679";3,71795977635021
"2680";1,10733357748874
"2681";2,5735347527069
"2682";0,98764364501048
"2683";1,51797460237807
"2684";2,51140575114804
"2685";1,44011296545069
"2686";1,51735639292635
"2687";3,47292606102964
"2688";3,59422246064106
"2689";1,26913021097728
"2690";1,96171077614003
"2691";2,99176235732828
"2692";0,133716939266446
"2693";1,5626668528963
"2694";2,93608048256233
"2695";2,38318417727628
"2696";1,69826532131759
"2697";0,995746619935988
"2698";2,80979644310689
"2699";3,45965683471903
"2700";-0,191225801315855
"2701";1,59466081746491
"2702";3,94067151189577
"2703";2,4849652611768
"2704";1,79790273661454
"2705";0,830371415913406
"2706";1,63015390499994
"2707";2,7597938360206
"2708";2,19778909000642
"2709";1,54526373926728
"2710";1,07940321694895
"2711";1,89229275665266
"2712";0,796337531513361
"2713";4,67487085888599
"2714";3,57246508678391
"2715";2,67841919507748
"2716";2,1164126024284
"2717";1,53368687470463
"2718";3,84623329220598
"2719";0,708604968806831
"2720";2,96073555968309
"2721";2,23254089109578
"2722";2,86254993530052
"2723";3,41142798959315
"2724";1,98698515180957
"2725";2,20226401394169
"2726";-0,786014729756439
"2727";1,84199963402068
"2728";2,83163799509274
"2729";4,18853151354752
"2730";0,853906436275896
"2731";2,2312501026686
"2732";2,02264835741166
"2733";3,37912958917576
"2734";1,75374724498531
"2735";1,99487465462024
"2736";1,03699717314667
"2737";1,98062652213379
"2738";0,841332061379212
"2739";1,84292560178981
"2740";1,3992789947906
"2741";1,83599824943615
"2742";1,31620272895815
"2743";3,6629786051937
"2744";1,42832998649514
"2745";1,9645413088721
"2746";1,60293768957129
"2747";2,71473472752899
"2748";3,26745459510342
"2749";1,64321366840167
"2750";0,974677043049633
"2751";2,40971657440618
"2752";2,52975434323019
"2753";1,63687253780923
"2754";2,68174939353022
"2755";2,20341075466684
"2756";0,715446965989627
"2757";2,61059648451207
"2758";0,80371155500449
"2759";3,32260721680306
"2760";2,37429556915393
"2761";3,63734154231024
"2762";1,90440618111441
"2763";0,439967901722606
"2764";0,609355856314105
"2765";3,28583085297552
"2766";1,39292765148693
"2767";1,02006810143448
"2768";2,30242790128158
"2769";1,74310299276378
"2770";0,931807346380398
"2771";-0,531388158520485
"2772";1,54907277176072
"2773";2,35441123056242
"2774";1,65102160819483
"2775";1,8539210762311
"2776";1,54741579752427
"2777";2,23490419912408
"2778";2,70125777147692
"2779";3,32659831549709
"2780";0,426868848925183
"2781";2,21828297083671
"2782";1,7466646339526
"2783";3,05290401267231
"2784";4,22304446114516
"2785";1,99214573721704
"2786";2,42850168136646
"2787";3,05633848190141
"2788";3,52170120575052
"2789";3,19958805043073
"2790";-0,0589042651227878
"2791";0,843372679712951
"2792";1,69591472803638
"2793";3,89912736968198
"2794";2,14183987006652
"2795";2,09232327402682
"2796";2,09880412818265
"2797";2,59297127076744
"2798";3,27484242433872
"2799";3,00698981067853
"2800";-0,361829664389663
"2801";-0,104060167018077
"2802";1,91556052845664
"2803";2,75632941889377
"2804";0,419283948178075
"2805";2,70724595490141
"2806";0,954012327208787
"2807";2,2591413343555
"2808";1,99831518198515
"2809";0,824446923882804
"2810";3,7446287628424
"2811";2,71827450655494
"2812";4,86214274756396
"2813";2,71798614675111
"2814";1,67072812931319
"2815";1,86952046551586
"2816";1,45267185096787
"2817";0,718239699151525
"2818";-0,17051157974568
"2819";2,00056321557891
"2820";3,54400160892158
"2821";2,38859409207341
"2822";1,68517205379483
"2823";2,79083334149172
"2824";2,18858559056274
"2825";2,58434193260284
"2826";2,51499238826594
"2827";1,82976565364149
"2828";3,04120211544243
"2829";2,32115238488049
"2830";0,442407460177919
"2831";2,62640779457702
"2832";3,97365008215243
"2833";2,30348326154727
"2834";3,98956325580343
"2835";2,48032604872191
"2836";2,54515817496021
"2837";1,76735831761646
"2838";-0,0561246847186547
"2839";0,852639261279668
"2840";1,81994832555828
"2841";0,899685327289663
"2842";0,431086341759017
"2843";1,95165678874315
"2844";1,40210987775551
"2845";4,4173392818266
"2846";2,10958064066004
"2847";2,44995201030851
"2848";2,4907739297637
"2849";2,05021953654968
"2850";2,65468928799794
"2851";2,5317826832833
"2852";2,77071860914835
"2853";2,99312566581376
"2854";3,04351009274177
"2855";2,05782378162698
"2856";0,736754175412959
"2857";-0,653626315269502
"2858";1,55056494147804
"2859";0,482594623832612
"2860";1,68193880722649
"2861";1,75734271145871
"2862";2,29274089738911
"2863";3,67191310731146
"2864";3,69791572339407
"2865";2,91867366504765
"2866";2,23231484558632
"2867";2,42220891882417
"2868";1,95213523763139
"2869";0,406487420700117
"2870";3,9491258382975
"2871";3,1866645559439
"2872";3,1741501477948
"2873";1,49416083171502
"2874";2,57825826490782
"2875";2,49219273420451
"2876";0,4326954288363
"2877";1,83198030218451
"2878";2,37760617764525
"2879";2,40309693670925
"2880";1,37250063603248
"2881";3,88265879830795
"2882";3,8555483176834
"2883";2,6963006714933
"2884";1,35779669866965
"2885";1,06240501363374
"2886";0,700589644062349
"2887";1,34540437193623
"2888";0,161772188019635
"2889";2,49755369216125
"2890";0,536518746926747
"2891";0,801833829414015
"2892";2,68110303034874
"2893";2,40761948320593
"2894";3,13831741291294
"2895";2,50172298879978
"2896";1,93295729023181
"2897";2,44005354347935
"2898";0,478038879196287
"2899";2,10962165900656
"2900";2,18904454861671
"2901";2,78104119902131
"2902";1,95349068879443
"2903";2,09576593058142
"2904";0,66474213424413
"2905";2,54878590676387
"2906";0,094756475576127
"2907";2,20427436816758
"2908";2,40803898591721
"2909";3,42675103863215
"2910";2,92527077217127
"2911";3,02432421695447
"2912";0,201857879994991
"2913";3,6023218783602
"2914";1,56456664543409
"2915";4,64712003801142
"2916";1,32625066841133
"2917";0,821186531646907
"2918";2,71355060508576
"2919";1,98789893542978
"2920";3,25986965199291
"2921";1,52302320139765
"2922";1,05727895328986
"2923";2,76067554844198
"2924";1,75004857648673
"2925";3,07886319082688
"2926";2,64284423318131
"2927";1,77240534611972
"2928";2,17594952437323
"2929";2,36861980927607
"2930";0,831050558233914
"2931";1,42056746514997
"2932";2,29733976106798
"2933";3,8524483219266
"2934";2,80671365749722
"2935";2,48818745798852
"2936";2,92650134355694
"2937";2,45830989514101
"2938";1,34805664155867
"2939";3,21580446481486
"2940";0,913491638142257
"2941";1,02489628804076
"2942";2,31302631272425
"2943";3,69153299141249
"2944";1,42761247529071
"2945";3,05126310270962
"2946";1,81874522263235
"2947";2,4856470358289
"2948";0,564067180197399
"2949";0,938058942750177
"2950";3,89260664099439
"2951";2,02449069646886
"2952";2,06785372466666
"2953";-0,572416521753191
"2954";3,22029754835017
"2955";1,86630104931143
"2956";2,45462306474471
"2957";2,36168039468796
"2958";2,39141678893529
"2959";1,59797197192981
"2960";3,88499762685374
"2961";2,13578920879057
"2962";1,83086089056303
"2963";3,62182543432759
"2964";1,62698464782989
"2965";0,653535973016188
"2966";-0,0886807391595434
"2967";1,89838165756161
"2968";1,40560399919758
"2969";1,78410692487607
"2970";2,07525999846308
"2971";4,1669253902978
"2972";2,64540496540152
"2973";1,80266734926709
"2974";3,27367758192325
"2975";1,69266077480325
"2976";2,52202152686246
"2977";3,16263285107803
"2978";1,90715111946202
"2979";0,0980518178773766
"2980";1,50673379839655
"2981";3,86369238711066
"2982";1,78719100410546
"2983";3,13666002123292
"2984";2,44273945064704
"2985";2,06990448027176
"2986";-0,625883137376028
"2987";2,71641383394589
"2988";1,39538827783908
"2989";1,62941550232596
"2990";1,46633163781009
"2991";3,81218653480987
"2992";0,803690930053842
"2993";-0,691767705250466
"2994";2,54651335563193
"2995";2,76892640909358
"2996";1,81324220074894
"2997";1,77064024458121
"2998";3,63018563465818
"2999";-0,164671440966624
"3000";0,922223962535808
